fund_record_id,account_id,launch_date,launch_size_eur
FUND-0000001,ACME-EU-01448,2025-08-29,204979853.3533369
FUND-0000002,ACME-EU-01115,2025-10-09,462089408.34244066
FUND-0000003,ACME-EU-01065,2025-06-15,56828427.6580128
FUND-0000004,ACME-EU-02288,2025-10-07,258695769.7210869
FUND-0000005,ACME-EU-01538,2025-12-07,393474668.8130327
FUND-0000006,ACME-EU-00669,2025-11-28,471323122.45253825
FUND-0000007,ACME-EU-01584,2026-02-26,373641543.1273253
FUND-0000008,ACME-EU-02405,2025-08-20,360562208.7735587
FUND-0000009,ACME-EU-00498,2025-12-01,413417557.0076854
FUND-0000010,ACME-EU-02481,2026-02-19,223654409.26779428
FUND-0000011,ACME-EU-00472,2025-07-05,403116421.7762987
FUND-0000012,ACME-EU-00247,2025-08-09,4974237.967980112
FUND-0000013,ACME-EU-00924,2026-03-12,462355966.63302565
FUND-0000014,ACME-EU-01132,2025-11-01,222209948.2490705
FUND-0000015,ACME-EU-00671,2025-11-01,277136713.74500805
FUND-0000016,ACME-EU-00917,2025-11-24,128186242.20852627
FUND-0000017,ACME-EU-01415,2025-08-04,371522885.5873703
FUND-0000018,ACME-EU-01607,2025-11-15,39241267.431149155
FUND-0000019,ACME-EU-00403,2025-10-30,436445265.4708708
FUND-0000020,ACME-EU-01104,2025-08-06,414230297.674165
FUND-0000021,ACME-EU-02073,2025-08-18,108813998.00613843
FUND-0000022,ACME-EU-00720,2025-09-08,404852874.7443459
FUND-0000023,ACME-EU-02012,2025-07-17,393392508.79767925
FUND-0000024,ACME-EU-02437,2026-01-03,316476082.2792206
FUND-0000025,ACME-EU-00197,2025-10-31,187386568.27294406
FUND-0000026,ACME-EU-00892,2025-08-07,136477878.33675206
FUND-0000027,ACME-EU-01265,2026-03-08,116660011.55438566
FUND-0000028,ACME-EU-01035,2025-06-18,159985872.41903996
FUND-0000029,ACME-EU-01326,2025-07-04,451875663.27283263
FUND-0000030,ACME-EU-00510,2025-07-15,39742747.21840186
FUND-0000031,ACME-EU-01428,2026-03-01,414606766.85022634
FUND-0000032,ACME-EU-00195,2025-08-29,175096147.44586995
FUND-0000033,ACME-EU-01180,2025-06-20,261278098.60966775
FUND-0000034,ACME-EU-02033,2026-02-08,397448331.1905968
FUND-0000035,ACME-EU-00933,2025-12-25,442303896.9644627
FUND-0000036,ACME-EU-01125,2026-01-01,173045928.61625084
FUND-0000037,ACME-EU-01823,2026-02-14,231459897.15628004
FUND-0000038,ACME-EU-01367,2025-06-25,207843516.34357935
FUND-0000039,ACME-EU-01993,2025-10-10,7612265.718451363
FUND-0000040,ACME-EU-01259,2025-09-22,148675501.54046965
FUND-0000041,ACME-EU-02275,2025-09-27,230135427.63254836
FUND-0000042,ACME-EU-01274,2026-03-27,206135710.83133945
FUND-0000043,ACME-EU-01937,2025-09-20,361242684.53032404
FUND-0000044,ACME-EU-01267,2025-12-02,193017004.9933305
FUND-0000045,ACME-EU-00773,2026-03-11,245198848.03636444
FUND-0000046,ACME-EU-01609,2026-03-07,215374687.4740493
FUND-0000047,ACME-EU-01312,2026-02-28,370572448.2982909
FUND-0000048,ACME-EU-00135,2025-12-12,431623227.0944943
FUND-0000049,ACME-EU-01856,2025-06-22,266412650.42474955
FUND-0000050,ACME-EU-02400,2025-11-22,394926664.9034004
FUND-0000051,ACME-EU-00421,2025-08-13,149096554.32790545
FUND-0000052,ACME-EU-01756,2025-12-09,271143435.4684771
FUND-0000053,ACME-EU-00708,2025-11-14,173269746.88131624
FUND-0000054,ACME-EU-00094,2025-09-25,207686261.8603433
FUND-0000055,ACME-EU-00057,2025-11-06,366474518.5415216
FUND-0000056,ACME-EU-00219,2026-01-17,440949578.6840236
FUND-0000057,ACME-EU-01037,2025-11-21,61626200.15279494
FUND-0000058,ACME-EU-01294,2025-07-12,317684988.9872029
FUND-0000059,ACME-EU-01953,2026-03-27,291489759.98132145
FUND-0000060,ACME-EU-01450,2025-12-16,60089104.54879001
FUND-0000061,ACME-EU-02360,2025-08-18,106735270.88961443
FUND-0000062,ACME-EU-01466,2026-03-20,156190244.87160745
FUND-0000063,ACME-EU-00299,2025-08-11,84298604.33793323
FUND-0000064,ACME-EU-02178,2025-08-23,122621011.77964655
FUND-0000065,ACME-EU-00179,2026-01-23,134532798.63199204
FUND-0000066,ACME-EU-01188,2025-12-08,168501242.68649074
FUND-0000067,ACME-EU-01473,2026-03-17,374945835.94777834
FUND-0000068,ACME-EU-00189,2026-01-03,286384189.72144973
FUND-0000069,ACME-EU-00573,2025-08-08,493137089.3037493
FUND-0000070,ACME-EU-00434,2025-12-30,207953177.65676805
FUND-0000071,ACME-EU-00519,2026-02-04,377178671.8446256
FUND-0000072,ACME-EU-02347,2026-03-18,435862742.26689035
FUND-0000073,ACME-EU-02272,2025-09-02,339810268.0259829
FUND-0000074,ACME-EU-01085,2026-03-16,206520505.4683305
FUND-0000075,ACME-EU-01289,2025-11-29,377043720.7421307
FUND-0000076,ACME-EU-01124,2026-03-10,102629901.74856974
FUND-0000077,ACME-EU-01342,2026-01-14,164448530.42488608
FUND-0000078,ACME-EU-02257,2025-07-30,273795942.2945451
FUND-0000079,ACME-EU-01491,2025-08-19,288129284.255788
FUND-0000080,ACME-EU-00044,2026-01-19,12048596.2608421
FUND-0000081,ACME-EU-01879,2025-08-31,472611980.1892483
FUND-0000082,ACME-EU-00451,2025-12-19,348617008.3374776
FUND-0000083,ACME-EU-02046,2025-09-25,248356171.36571363
FUND-0000084,ACME-EU-00045,2025-11-18,466630489.9697459
FUND-0000085,ACME-EU-01284,2025-12-09,220108687.0601634
FUND-0000086,ACME-EU-01968,2025-11-18,490237349.5649155
FUND-0000087,ACME-EU-02091,2026-03-10,256630093.86449906
FUND-0000088,ACME-EU-00255,2026-03-06,58028599.22899175
FUND-0000089,ACME-EU-01946,2025-08-15,382635685.2571793
FUND-0000090,ACME-EU-01875,2025-10-27,339769964.8138424
FUND-0000091,ACME-EU-01863,2025-08-12,386720373.9314878
FUND-0000092,ACME-EU-00565,2025-09-09,475769572.33411485
FUND-0000093,ACME-EU-00213,2026-02-20,388468162.022858
FUND-0000094,ACME-EU-00867,2025-07-13,306056964.5061068
FUND-0000095,ACME-EU-00743,2025-09-23,428797142.2780596
FUND-0000096,ACME-EU-01252,2026-02-01,336949973.2379112
FUND-0000097,ACME-EU-01048,2026-03-10,204651409.3561356
FUND-0000098,ACME-EU-01737,2025-06-30,442924262.35664487
FUND-0000099,ACME-EU-01018,2025-12-01,111728329.93140206
FUND-0000100,ACME-EU-00171,2026-01-18,357605996.1794534
FUND-0000101,ACME-EU-02097,2026-03-26,440900164.0154377
FUND-0000102,ACME-EU-02488,2025-08-21,365926943.3319448
FUND-0000103,ACME-EU-02218,2026-03-16,348940434.10787463
FUND-0000104,ACME-EU-01798,2026-03-27,376566508.7418462
FUND-0000105,ACME-EU-00545,2025-08-26,233062568.90202156
FUND-0000106,ACME-EU-01222,2025-08-13,437211170.396356
FUND-0000107,ACME-EU-00464,2025-09-25,102514801.09290951
FUND-0000108,ACME-EU-00989,2026-02-03,64565821.584169306
FUND-0000109,ACME-EU-01322,2025-07-19,143468881.27913725
FUND-0000110,ACME-EU-00603,2026-03-06,266257120.99072158
FUND-0000111,ACME-EU-01337,2025-10-19,255770335.9092597
FUND-0000112,ACME-EU-02340,2025-10-23,410478780.0806167
FUND-0000113,ACME-EU-01261,2026-01-07,202879759.54560468
FUND-0000114,ACME-EU-02115,2025-10-22,242687868.7194628
FUND-0000115,ACME-EU-00808,2025-09-23,7670473.9464384215
FUND-0000116,ACME-EU-00887,2026-01-29,205459878.9850266
FUND-0000117,ACME-EU-01583,2025-08-31,324239342.2422207
FUND-0000118,ACME-EU-01615,2025-10-29,8738656.982669499
FUND-0000119,ACME-EU-01838,2025-12-11,141160100.62793565
FUND-0000120,ACME-EU-01874,2026-01-13,104770223.28540558
FUND-0000121,ACME-EU-00283,2026-02-28,21950729.025884528
FUND-0000122,ACME-EU-00211,2025-12-03,240150784.8673542
FUND-0000123,ACME-EU-00112,2025-09-19,91679923.32085009
FUND-0000124,ACME-EU-01921,2026-03-11,371797688.2760587
FUND-0000125,ACME-EU-02166,2025-10-08,424116013.9979109
FUND-0000126,ACME-EU-00458,2025-08-14,273247006.15190476
FUND-0000127,ACME-EU-00820,2025-09-28,490871963.91804963
FUND-0000128,ACME-EU-02185,2025-12-07,225788807.16382706
FUND-0000129,ACME-EU-01656,2025-09-28,257170736.90223286
FUND-0000130,ACME-EU-00253,2025-11-04,494619659.2249173
FUND-0000131,ACME-EU-00252,2025-12-04,116542669.54655936
FUND-0000132,ACME-EU-01540,2025-12-07,471330423.8987757
FUND-0000133,ACME-EU-02130,2025-07-22,22375940.00443751
FUND-0000134,ACME-EU-01927,2025-07-22,223747058.2413342
FUND-0000135,ACME-EU-01019,2025-12-02,35931752.55439982
FUND-0000136,ACME-EU-00423,2025-10-20,364888136.71390784
FUND-0000137,ACME-EU-01176,2025-09-13,304596059.0041289
FUND-0000138,ACME-EU-00621,2025-07-13,353610497.4703306
FUND-0000139,ACME-EU-00174,2025-11-02,187865719.58404046
FUND-0000140,ACME-EU-00487,2025-08-02,185371485.08165878
FUND-0000141,ACME-EU-01986,2026-02-11,23614320.20148641
FUND-0000142,ACME-EU-01081,2025-09-13,175622524.82529026
FUND-0000143,ACME-EU-01118,2026-02-11,464714912.72876763
FUND-0000144,ACME-EU-01358,2026-01-11,190234042.05304402
FUND-0000145,ACME-EU-01042,2025-11-26,415852485.40476304
FUND-0000146,ACME-EU-01091,2026-01-14,421320426.8702171
FUND-0000147,ACME-EU-01356,2025-11-13,187247337.0332377
FUND-0000148,ACME-EU-00212,2025-12-30,316362351.51769835
FUND-0000149,ACME-EU-00614,2026-01-28,48590429.53425626
FUND-0000150,ACME-EU-02150,2025-11-12,52735611.78640397
FUND-0000151,ACME-EU-00465,2026-02-08,25280174.167194944
FUND-0000152,ACME-EU-01468,2025-07-14,290926531.59417963
FUND-0000153,ACME-EU-00555,2025-12-13,213609417.83542243
FUND-0000154,ACME-EU-00908,2025-12-07,274468145.9754558
FUND-0000155,ACME-EU-00994,2025-07-19,261015522.06368554
FUND-0000156,ACME-EU-01969,2025-12-02,175751292.5542744
FUND-0000157,ACME-EU-01789,2025-09-13,339059233.99691296
FUND-0000158,ACME-EU-01599,2026-02-07,379492438.577279
FUND-0000159,ACME-EU-00097,2025-07-28,8299501.179960182
FUND-0000160,ACME-EU-01965,2026-02-23,104413907.58467028
FUND-0000161,ACME-EU-01365,2026-01-20,356904698.17358506
FUND-0000162,ACME-EU-01925,2026-02-09,193923466.14428326
FUND-0000163,ACME-EU-00612,2026-01-15,331579489.5238625
FUND-0000164,ACME-EU-00446,2025-09-19,174134367.20754465
FUND-0000165,ACME-EU-00238,2025-07-12,195986821.0124889
FUND-0000166,ACME-EU-02311,2026-01-19,80180757.97115277
FUND-0000167,ACME-EU-00874,2025-12-30,129857278.81341386
FUND-0000168,ACME-EU-02498,2025-07-13,303100466.99628603
FUND-0000169,ACME-EU-02055,2025-11-24,217148392.54626802
FUND-0000170,ACME-EU-01674,2025-08-11,387377038.78935295
FUND-0000171,ACME-EU-02123,2025-11-21,426439892.51423305
FUND-0000172,ACME-EU-00840,2025-06-23,271281562.6901632
FUND-0000173,ACME-EU-00582,2025-12-20,379375378.73597354
FUND-0000174,ACME-EU-01282,2025-09-29,154145352.08409044
FUND-0000175,ACME-EU-00980,2025-10-07,208070636.48463902
FUND-0000176,ACME-EU-00791,2025-09-23,356676060.43219864
FUND-0000177,ACME-EU-00842,2026-02-01,193719784.4156983
FUND-0000178,ACME-EU-00483,2026-02-27,294663962.64433545
FUND-0000179,ACME-EU-01911,2026-01-05,93501016.76217324
FUND-0000180,ACME-EU-00622,2025-10-29,300285886.1702785
FUND-0000181,ACME-EU-01503,2026-02-22,430895339.9062199
FUND-0000182,ACME-EU-00333,2025-08-29,434451180.2718894
FUND-0000183,ACME-EU-00479,2025-12-14,362447858.7584403
FUND-0000184,ACME-EU-01495,2025-08-22,373130936.15898687
FUND-0000185,ACME-EU-00508,2025-10-18,279405795.1301997
FUND-0000186,ACME-EU-01451,2025-08-22,292749376.99274653
FUND-0000187,ACME-EU-02424,2025-07-03,67691640.12384848
FUND-0000188,ACME-EU-00644,2025-11-30,222485735.02222925
FUND-0000189,ACME-EU-00481,2025-09-29,225937365.65929553
FUND-0000190,ACME-EU-01456,2025-12-14,479290419.9982023
FUND-0000191,ACME-EU-02395,2025-08-25,216112344.44902143
FUND-0000192,ACME-EU-01012,2025-09-06,275121979.80647606
FUND-0000193,ACME-EU-00765,2026-01-19,267092448.24027213
FUND-0000194,ACME-EU-01290,2026-02-14,318744096.8051193
FUND-0000195,ACME-EU-01224,2025-08-14,374368182.83461607
FUND-0000196,ACME-EU-01334,2025-09-27,113295896.20926519
FUND-0000197,ACME-EU-00618,2025-12-13,264833485.1301194
FUND-0000198,ACME-EU-00522,2026-01-05,413132935.9506992
FUND-0000199,ACME-EU-00583,2025-07-23,232094242.2049182
FUND-0000200,ACME-EU-01059,2026-03-09,139950315.64041293
FUND-0000201,ACME-EU-01407,2025-09-15,327699828.6027932
FUND-0000202,ACME-EU-00297,2025-10-03,412059930.50376236
FUND-0000203,ACME-EU-02443,2026-03-23,32507006.17076827
FUND-0000204,ACME-EU-01062,2026-01-19,388618451.2202063
FUND-0000205,ACME-EU-00858,2025-11-23,411002318.5479238
FUND-0000206,ACME-EU-01693,2025-10-21,231299940.8667148
FUND-0000207,ACME-EU-00408,2025-07-25,491669522.75241524
FUND-0000208,ACME-EU-01079,2025-09-08,393567462.01294726
FUND-0000209,ACME-EU-01084,2025-11-02,387057619.8829372
FUND-0000210,ACME-EU-00169,2025-11-07,374171448.6316238
FUND-0000211,ACME-EU-02181,2025-09-12,76153443.50591873
FUND-0000212,ACME-EU-00240,2025-10-27,109398212.3400524
FUND-0000213,ACME-EU-02306,2025-11-08,232531075.6007481
FUND-0000214,ACME-EU-01998,2025-10-16,132738170.62977347
FUND-0000215,ACME-EU-01902,2026-03-09,208205245.19468617
FUND-0000216,ACME-EU-01051,2026-01-07,444343590.8515374
FUND-0000217,ACME-EU-01913,2026-01-20,412339119.04775536
FUND-0000218,ACME-EU-01868,2025-11-19,315389899.3615111
FUND-0000219,ACME-EU-02096,2026-01-02,429202076.73130065
FUND-0000220,ACME-EU-00523,2025-08-24,392102422.1196073
FUND-0000221,ACME-EU-01738,2025-10-20,215063480.98860434
FUND-0000222,ACME-EU-02473,2025-10-03,101331510.87292261
FUND-0000223,ACME-EU-01848,2025-12-03,257586318.96466026
FUND-0000224,ACME-EU-02369,2025-09-15,368378212.38174653
FUND-0000225,ACME-EU-02250,2026-01-03,218773379.7660669
FUND-0000226,ACME-EU-01884,2025-06-14,333719182.98216474
FUND-0000227,ACME-EU-01512,2026-01-08,48069385.71923077
FUND-0000228,ACME-EU-01460,2025-10-29,374254363.44933033
FUND-0000229,ACME-EU-01939,2026-01-28,406544096.3266379
FUND-0000230,ACME-EU-01724,2026-01-28,353712090.03449005
FUND-0000231,ACME-EU-02026,2026-03-02,483664530.1756564
FUND-0000232,ACME-EU-01608,2026-02-15,413499376.67285955
FUND-0000233,ACME-EU-01978,2025-10-12,451643770.2103926
FUND-0000234,ACME-EU-00509,2026-01-03,466851970.6453664
FUND-0000235,ACME-EU-00633,2025-10-04,400872647.94503045
FUND-0000236,ACME-EU-00916,2026-03-13,337455162.1612431
FUND-0000237,ACME-EU-00260,2025-12-22,3853572.0990338544
FUND-0000238,ACME-EU-01396,2025-09-13,233447050.85833922
FUND-0000239,ACME-EU-02296,2025-12-22,286009987.01255816
FUND-0000240,ACME-EU-02322,2026-01-24,152711105.95155182
FUND-0000241,ACME-EU-00803,2026-03-25,159734119.00483257
FUND-0000242,ACME-EU-01936,2026-03-28,480618548.4393724
FUND-0000243,ACME-EU-01197,2026-03-08,445963721.7361702
FUND-0000244,ACME-EU-01945,2025-12-08,424740323.7453504
FUND-0000245,ACME-EU-00757,2026-02-01,203599889.0513492
FUND-0000246,ACME-EU-00802,2026-01-23,7835576.654048358
FUND-0000247,ACME-EU-00234,2025-12-22,41030900.981401324
FUND-0000248,ACME-EU-01515,2025-11-06,156785987.74058422
FUND-0000249,ACME-EU-00941,2025-11-25,8855713.584842814
FUND-0000250,ACME-EU-00999,2025-10-14,9557741.17568386
FUND-0000251,ACME-EU-01103,2026-01-03,458385047.5195631
FUND-0000252,ACME-EU-01464,2026-01-13,353373092.557408
FUND-0000253,ACME-EU-01877,2026-01-30,155169039.04400817
FUND-0000254,ACME-EU-01226,2025-11-12,67189644.22287562
FUND-0000255,ACME-EU-00325,2025-12-21,256306223.2296435
FUND-0000256,ACME-EU-01764,2025-09-19,3667734.266327864
FUND-0000257,ACME-EU-01954,2025-07-30,469268458.18521386
FUND-0000258,ACME-EU-01378,2026-02-09,207992744.57508466
FUND-0000259,ACME-EU-00101,2026-02-26,201765142.66342905
FUND-0000260,ACME-EU-02482,2025-06-26,195906210.18330932
FUND-0000261,ACME-EU-01341,2026-03-10,35594836.86349461
FUND-0000262,ACME-EU-00388,2025-10-27,319522797.65612143
FUND-0000263,ACME-EU-01955,2026-01-21,366768806.1945483
FUND-0000264,ACME-EU-00180,2025-08-28,338386573.39655685
FUND-0000265,ACME-EU-01695,2025-11-07,70079311.17136776
FUND-0000266,ACME-EU-01663,2025-08-10,289841243.8497607
FUND-0000267,ACME-EU-01305,2025-08-29,285172757.60195464
FUND-0000268,ACME-EU-00928,2026-01-10,434336983.1827496
FUND-0000269,ACME-EU-01431,2025-08-28,190184701.52944785
FUND-0000270,ACME-EU-02269,2025-12-04,186371485.88605767
FUND-0000271,ACME-EU-00142,2025-12-28,309645002.3003746
FUND-0000272,ACME-EU-00369,2025-07-03,316903254.096257
FUND-0000273,ACME-EU-02446,2025-10-13,235173328.4355694
FUND-0000274,ACME-EU-01086,2026-01-31,222086621.80288014
FUND-0000275,ACME-EU-00368,2025-06-19,247579687.64830345
FUND-0000276,ACME-EU-01675,2026-03-04,430661604.4521526
FUND-0000277,ACME-EU-01045,2026-01-23,231122283.7257011
FUND-0000278,ACME-EU-00319,2025-07-25,470025964.1929414
FUND-0000279,ACME-EU-01539,2025-07-19,252497878.0345667
FUND-0000280,ACME-EU-00248,2026-02-14,474651145.8972648
FUND-0000281,ACME-EU-00322,2025-12-23,416583119.03266877
FUND-0000282,ACME-EU-01834,2026-02-16,181853229.98529872
FUND-0000283,ACME-EU-01840,2025-08-15,431957069.2270114
FUND-0000284,ACME-EU-01000,2025-07-11,55921578.816356495
FUND-0000285,ACME-EU-00943,2025-10-14,462598540.49616426
FUND-0000286,ACME-EU-01773,2025-06-24,316190114.0263629
FUND-0000287,ACME-EU-00030,2025-12-31,28140983.51263328
FUND-0000288,ACME-EU-01300,2025-10-03,322484105.10175496
FUND-0000289,ACME-EU-01994,2025-09-14,487149579.4182333
FUND-0000290,ACME-EU-01915,2025-07-06,35830526.65269983
FUND-0000291,ACME-EU-00696,2025-07-05,277789167.18026304
FUND-0000292,ACME-EU-02471,2026-01-15,374149380.52992684
FUND-0000293,ACME-EU-02029,2026-03-22,405319034.7630661
FUND-0000294,ACME-EU-01601,2025-10-17,207499905.19507712
FUND-0000295,ACME-EU-02330,2026-01-04,102879113.02495326
FUND-0000296,ACME-EU-01232,2026-01-17,22128797.10741953
FUND-0000297,ACME-EU-02174,2026-02-03,290283352.39151514
FUND-0000298,ACME-EU-01916,2026-02-11,227002624.06353778
FUND-0000299,ACME-EU-01730,2025-08-04,474423453.1797058
FUND-0000300,ACME-EU-01707,2025-12-16,31241848.94973998
FUND-0000301,ACME-EU-01704,2025-09-01,343012276.37955683
FUND-0000302,ACME-EU-00756,2026-02-16,13458144.837908527
FUND-0000303,ACME-EU-01331,2025-07-05,86545654.17856082
FUND-0000304,ACME-EU-00354,2025-07-10,227335920.96149424
FUND-0000305,ACME-EU-00209,2025-07-14,227981348.95863125
FUND-0000306,ACME-EU-02145,2025-06-20,343164570.9238883
FUND-0000307,ACME-EU-00904,2025-12-06,455196304.39901054
FUND-0000308,ACME-EU-00953,2026-02-18,319877047.2985455
FUND-0000309,ACME-EU-01338,2025-08-22,476814013.8279029
FUND-0000310,ACME-EU-01552,2025-11-21,440926204.29912084
FUND-0000311,ACME-EU-01568,2026-03-22,292665397.9698643
FUND-0000312,ACME-EU-01944,2025-12-19,417062183.5084948
FUND-0000313,ACME-EU-00486,2025-10-05,321646227.5514934
FUND-0000314,ACME-EU-01630,2025-12-13,40200357.63093985
FUND-0000315,ACME-EU-02040,2025-12-19,370541796.90649545
FUND-0000316,ACME-EU-00200,2025-07-13,48359312.19240576
FUND-0000317,ACME-EU-00230,2025-07-27,297447307.5042865
FUND-0000318,ACME-EU-00811,2025-06-28,351617462.7232562
FUND-0000319,ACME-EU-00788,2026-02-26,34197276.49721676
FUND-0000320,ACME-EU-00411,2025-11-13,116166532.30933934
FUND-0000321,ACME-EU-00630,2026-03-18,457920443.89856327
FUND-0000322,ACME-EU-01511,2026-03-14,308540931.6242153
FUND-0000323,ACME-EU-00663,2025-11-21,123896723.38645525
FUND-0000324,ACME-EU-02143,2026-01-26,345649205.8028553
FUND-0000325,ACME-EU-01919,2025-12-11,298791433.5608831
FUND-0000326,ACME-EU-02335,2026-03-09,251286274.25905624
FUND-0000327,ACME-EU-01270,2025-10-23,488117300.51905376
FUND-0000328,ACME-EU-00070,2025-07-04,342043434.92634696
FUND-0000329,ACME-EU-00444,2025-10-19,188345113.72428843
FUND-0000330,ACME-EU-02148,2025-07-13,400236642.6063571
FUND-0000331,ACME-EU-02242,2025-12-18,442407063.1676727
FUND-0000332,ACME-EU-01585,2025-08-19,63485059.19889888
FUND-0000333,ACME-EU-00232,2026-01-30,101075935.94478798
FUND-0000334,ACME-EU-00441,2025-07-26,108897277.55476207
FUND-0000335,ACME-EU-01628,2025-11-22,345914692.88388366
FUND-0000336,ACME-EU-01323,2025-06-20,301916737.9715884
FUND-0000337,ACME-EU-01279,2026-03-05,309876790.7845955
FUND-0000338,ACME-EU-00818,2025-11-19,470445876.545061
FUND-0000339,ACME-EU-00600,2025-09-15,388179854.8708457
FUND-0000340,ACME-EU-01057,2025-06-22,64840525.33137981
FUND-0000341,ACME-EU-00415,2025-10-27,174406034.13016534
FUND-0000342,ACME-EU-00680,2025-11-17,218261429.44169208
FUND-0000343,ACME-EU-01519,2025-08-15,198584832.78505483
FUND-0000344,ACME-EU-01117,2025-09-22,334984995.97177774
FUND-0000345,ACME-EU-00280,2025-07-08,446054658.5250247
FUND-0000346,ACME-EU-01386,2025-11-16,153719680.2978712
FUND-0000347,ACME-EU-00409,2025-08-31,276386691.0741716
FUND-0000348,ACME-EU-01092,2026-01-29,394915301.53487927
FUND-0000349,ACME-EU-02283,2025-08-29,208692811.3638293
FUND-0000350,ACME-EU-01217,2025-08-26,84890946.07124864
FUND-0000351,ACME-EU-02079,2025-08-16,238000531.6666104
FUND-0000352,ACME-EU-00499,2025-11-19,28556037.850771207
FUND-0000353,ACME-EU-01709,2026-01-13,471249343.5471361
FUND-0000354,ACME-EU-02027,2025-06-17,38335781.392291546
FUND-0000355,ACME-EU-00790,2025-06-26,219789900.9100385
FUND-0000356,ACME-EU-01071,2025-10-25,265410749.28317457
FUND-0000357,ACME-EU-02266,2025-07-25,492666612.3113555
FUND-0000358,ACME-EU-00436,2025-08-24,83844889.99778754
FUND-0000359,ACME-EU-02044,2025-09-21,58101327.78756692
FUND-0000360,ACME-EU-01880,2025-10-18,5344367.384209245
FUND-0000361,ACME-EU-00783,2025-10-01,78630146.99778184
FUND-0000362,ACME-EU-01477,2026-02-24,104429216.55476615
FUND-0000363,ACME-EU-01832,2026-02-17,315659889.84996307
FUND-0000364,ACME-EU-01837,2026-01-14,110633688.4053088
FUND-0000365,ACME-EU-00150,2025-06-24,11239886.549933279
FUND-0000366,ACME-EU-01195,2025-10-05,413482554.4057419
FUND-0000367,ACME-EU-02452,2025-10-31,183432254.8009794
FUND-0000368,ACME-EU-01242,2025-06-30,177494646.60378623
FUND-0000369,ACME-EU-01056,2025-12-12,151937035.55479535
FUND-0000370,ACME-EU-01770,2025-11-11,487711265.296064
FUND-0000371,ACME-EU-01690,2025-07-02,85887593.23733146
FUND-0000372,ACME-EU-02094,2025-06-14,449220793.91266435
FUND-0000373,ACME-EU-02193,2025-08-30,388624862.7378041
FUND-0000374,ACME-EU-01930,2025-07-01,39163497.79415723
FUND-0000375,ACME-EU-00164,2026-01-23,493377821.6489235
FUND-0000376,ACME-EU-00439,2025-07-25,136411615.80596626
FUND-0000377,ACME-EU-01026,2025-10-25,50192880.58418375
FUND-0000378,ACME-EU-01383,2026-02-11,414827802.82875395
FUND-0000379,ACME-EU-01979,2025-09-10,353631091.3051722
FUND-0000380,ACME-EU-00830,2025-11-02,308992184.1330725
FUND-0000381,ACME-EU-00655,2025-11-26,78834450.98576765
FUND-0000382,ACME-EU-00529,2026-03-29,239769562.01172498
FUND-0000383,ACME-EU-01134,2025-07-26,390497457.4167197
FUND-0000384,ACME-EU-00050,2025-11-22,152508345.13377628
FUND-0000385,ACME-EU-00068,2025-09-20,156533224.42900568
FUND-0000386,ACME-EU-02017,2026-01-22,2567312.118012936
FUND-0000387,ACME-EU-01371,2026-03-26,87947457.4210444
FUND-0000388,ACME-EU-02271,2025-11-07,437827406.9357953
FUND-0000389,ACME-EU-00049,2025-09-20,221431499.32721582
FUND-0000390,ACME-EU-01335,2026-03-09,492133015.11798257
FUND-0000391,ACME-EU-01682,2025-08-15,198458273.8233225
FUND-0000392,ACME-EU-00839,2025-12-03,357878040.9353404
FUND-0000393,ACME-EU-02163,2025-11-08,141677602.40945983
FUND-0000394,ACME-EU-00125,2026-02-19,182541010.92932582
FUND-0000395,ACME-EU-00611,2025-07-21,96172267.80785643
FUND-0000396,ACME-EU-01861,2025-09-04,174184121.8811981
FUND-0000397,ACME-EU-02333,2025-09-01,274071522.68990093
FUND-0000398,ACME-EU-01513,2025-12-05,495894667.60864544
FUND-0000399,ACME-EU-00742,2025-08-17,332436654.822821
FUND-0000400,ACME-EU-00026,2025-11-16,100423731.2497487
FUND-0000401,ACME-EU-02389,2025-07-22,23435759.354184017
FUND-0000402,ACME-EU-01753,2025-08-23,64051884.17594079
FUND-0000403,ACME-EU-01534,2025-12-29,281715045.43525064
FUND-0000404,ACME-EU-01816,2026-02-12,382815004.0795664
FUND-0000405,ACME-EU-01617,2026-02-20,470269184.4430727
FUND-0000406,ACME-EU-01455,2025-11-08,8895762.826413587
FUND-0000407,ACME-EU-00566,2025-12-20,261857310.63937303
FUND-0000408,ACME-EU-00846,2025-09-21,235962810.75536522
FUND-0000409,ACME-EU-02490,2026-02-23,328371455.9658763
FUND-0000410,ACME-EU-01457,2025-11-03,280229848.37820566
FUND-0000411,ACME-EU-00362,2026-02-28,343832536.1406578
FUND-0000412,ACME-EU-01566,2026-01-05,329383209.789846
FUND-0000413,ACME-EU-02499,2025-06-22,59388850.70411515
FUND-0000414,ACME-EU-02415,2025-07-03,400059238.89574105
FUND-0000415,ACME-EU-01835,2025-10-27,62493055.282446094
FUND-0000416,ACME-EU-01785,2025-12-18,349566781.97935945
FUND-0000417,ACME-EU-00431,2025-08-27,208656538.45266277
FUND-0000418,ACME-EU-02310,2025-10-31,257411516.55372235
FUND-0000419,ACME-EU-00638,2026-01-06,451745709.17347956
FUND-0000420,ACME-EU-02188,2025-12-10,445051979.5102698
FUND-0000421,ACME-EU-00652,2025-06-28,409110296.52185977
FUND-0000422,ACME-EU-00241,2025-09-10,255564041.8477053
FUND-0000423,ACME-EU-00694,2025-06-19,368383665.2567827
FUND-0000424,ACME-EU-00071,2025-10-08,256935630.70388588
FUND-0000425,ACME-EU-02233,2025-09-05,434933435.15491396
FUND-0000426,ACME-EU-00651,2026-01-26,201985140.78321704
FUND-0000427,ACME-EU-02019,2026-01-16,485147436.8630235
FUND-0000428,ACME-EU-00074,2025-07-22,466229056.3562099
FUND-0000429,ACME-EU-01164,2025-11-26,371059707.10644096
FUND-0000430,ACME-EU-00351,2025-11-29,140428526.20385993
FUND-0000431,ACME-EU-02290,2025-06-28,66695140.80783594
FUND-0000432,ACME-EU-02169,2025-11-30,427497021.5965055
FUND-0000433,ACME-EU-01099,2025-10-17,83485840.78284268
FUND-0000434,ACME-EU-01447,2025-06-17,427276133.70967054
FUND-0000435,ACME-EU-02329,2025-07-08,245891738.34946787
FUND-0000436,ACME-EU-00077,2025-10-20,203871835.120244
FUND-0000437,ACME-EU-00433,2025-12-31,451692198.6383801
FUND-0000438,ACME-EU-02350,2025-11-08,302321640.28759867
FUND-0000439,ACME-EU-01293,2025-09-08,288730389.5577292
FUND-0000440,ACME-EU-00158,2025-08-15,279824206.36757445
FUND-0000441,ACME-EU-01799,2025-08-20,186213588.49374616
FUND-0000442,ACME-EU-01406,2026-02-17,393035908.6610345
FUND-0000443,ACME-EU-02051,2025-09-15,127146423.56387073
FUND-0000444,ACME-EU-00136,2026-01-21,469508585.0605962
FUND-0000445,ACME-EU-02138,2025-07-09,447098617.3184334
FUND-0000446,ACME-EU-01929,2026-03-28,169402682.51177418
FUND-0000447,ACME-EU-01691,2025-11-25,365002421.1460002
FUND-0000448,ACME-EU-00868,2025-12-10,287038374.03034616
FUND-0000449,ACME-EU-01950,2026-01-03,169487001.69761807
FUND-0000450,ACME-EU-00052,2025-11-30,494272302.3497279
FUND-0000451,ACME-EU-01901,2025-11-23,13593435.578283837
FUND-0000452,ACME-EU-00679,2025-07-18,127070369.28002204
FUND-0000453,ACME-EU-01504,2025-09-28,260516956.49446404
FUND-0000454,ACME-EU-00290,2026-03-14,261454548.73580337
FUND-0000455,ACME-EU-02248,2026-01-27,294877604.3978365
FUND-0000456,ACME-EU-01421,2025-10-23,376086409.8394367
FUND-0000457,ACME-EU-01603,2025-07-05,312115437.4291289
FUND-0000458,ACME-EU-00533,2026-02-23,300540448.80349046
FUND-0000459,ACME-EU-00480,2025-07-06,27703716.9936086
FUND-0000460,ACME-EU-01404,2026-01-25,188888613.60685986
FUND-0000461,ACME-EU-01933,2026-02-08,116795814.11087684
FUND-0000462,ACME-EU-00292,2025-07-18,133419685.68938574
FUND-0000463,ACME-EU-01722,2025-11-01,277614399.6958321
FUND-0000464,ACME-EU-01069,2025-06-27,100553152.14987461
FUND-0000465,ACME-EU-01024,2025-10-09,147680601.40743187
FUND-0000466,ACME-EU-02180,2025-09-10,119305269.5501527
FUND-0000467,ACME-EU-02228,2026-02-23,474302968.6658792
FUND-0000468,ACME-EU-00706,2025-08-26,472388200.3533765
FUND-0000469,ACME-EU-02035,2026-01-24,305360837.7394298
FUND-0000470,ACME-EU-00407,2026-03-22,462336711.89721805
FUND-0000471,ACME-EU-02100,2026-01-13,393120510.0887182
FUND-0000472,ACME-EU-02024,2025-10-07,295383993.5181026
FUND-0000473,ACME-EU-02409,2026-02-11,4211170.5369010605
FUND-0000474,ACME-EU-00979,2026-03-15,386485626.7536226
FUND-0000475,ACME-EU-01746,2025-11-03,351541682.45264596
FUND-0000476,ACME-EU-01881,2026-03-04,308011572.9879246
FUND-0000477,ACME-EU-00343,2025-12-27,380451731.52955335
FUND-0000478,ACME-EU-01991,2025-08-10,256948160.2226081
FUND-0000479,ACME-EU-02477,2026-03-09,352337552.3893482
FUND-0000480,ACME-EU-00835,2026-02-20,467650871.2765202
FUND-0000481,ACME-EU-01453,2025-06-27,188526702.90719706
FUND-0000482,ACME-EU-00300,2025-10-24,354352795.61541206
FUND-0000483,ACME-EU-01989,2025-10-02,238368221.1874684
FUND-0000484,ACME-EU-02294,2025-11-18,337525426.2551768
FUND-0000485,ACME-EU-00496,2026-03-02,381683774.4416277
FUND-0000486,ACME-EU-00813,2025-07-13,23680797.717462186
FUND-0000487,ACME-EU-00930,2026-01-13,323653621.5303823
FUND-0000488,ACME-EU-01058,2026-01-22,114143851.01906534
FUND-0000489,ACME-EU-01638,2025-09-17,335346236.3659758
FUND-0000490,ACME-EU-02456,2025-10-19,234696762.78097293
FUND-0000491,ACME-EU-00221,2025-07-16,387002818.1905787
FUND-0000492,ACME-EU-02487,2026-01-17,62577006.78759262
FUND-0000493,ACME-EU-01660,2026-01-02,313534853.4764414
FUND-0000494,ACME-EU-00528,2025-07-11,139956893.73484862
FUND-0000495,ACME-EU-01487,2025-08-28,426638015.66996515
FUND-0000496,ACME-EU-02376,2025-10-28,464263369.3125174
FUND-0000497,ACME-EU-01610,2025-09-01,498202748.54584867
FUND-0000498,ACME-EU-00597,2026-01-28,398207693.8112144
FUND-0000499,ACME-EU-00085,2025-07-05,377113301.1435743
FUND-0000500,ACME-EU-02214,2025-07-11,108534878.67490797
FUND-0000501,ACME-EU-02056,2025-08-24,168667522.43606427
FUND-0000502,ACME-EU-01962,2025-06-20,233375588.3393775
FUND-0000503,ACME-EU-01865,2025-11-14,386917142.8433426
FUND-0000504,ACME-EU-02327,2025-12-27,457567966.6739063
FUND-0000505,ACME-EU-00462,2025-12-11,95380410.91146933
FUND-0000506,ACME-EU-00110,2025-08-01,461261374.8503813
FUND-0000507,ACME-EU-01963,2025-11-08,348116701.52467495
FUND-0000508,ACME-EU-00355,2025-08-05,305774594.6118343
FUND-0000509,ACME-EU-00267,2025-10-04,100720794.36968781
FUND-0000510,ACME-EU-01546,2025-11-09,28706991.371766128
FUND-0000511,ACME-EU-00531,2025-09-22,284663984.355462
FUND-0000512,ACME-EU-02447,2026-02-09,326106325.9811173
FUND-0000513,ACME-EU-00291,2025-09-21,106179943.22798944
FUND-0000514,ACME-EU-00606,2025-11-14,278671646.70690274
FUND-0000515,ACME-EU-01561,2026-02-15,428390207.9785242
FUND-0000516,ACME-EU-00417,2025-12-30,417697906.78205496
FUND-0000517,ACME-EU-00473,2025-07-28,463750235.1125623
FUND-0000518,ACME-EU-00932,2025-09-19,183577018.96888334
FUND-0000519,ACME-EU-02280,2025-12-14,159706736.70290843
FUND-0000520,ACME-EU-02420,2025-08-09,374963576.9844235
FUND-0000521,ACME-EU-00809,2025-07-08,216125090.1434055
FUND-0000522,ACME-EU-00799,2026-02-21,44686783.34986252
FUND-0000523,ACME-EU-02492,2026-02-17,142117764.20457935
FUND-0000524,ACME-EU-00931,2026-03-13,209872560.48021308
FUND-0000525,ACME-EU-00279,2025-06-26,146965696.31264976
FUND-0000526,ACME-EU-01518,2026-01-30,166770579.90271348
FUND-0000527,ACME-EU-00884,2025-09-28,147594177.18102098
FUND-0000528,ACME-EU-01015,2026-02-17,21708084.424356643
FUND-0000529,ACME-EU-00019,2026-02-19,318910255.7113968
FUND-0000530,ACME-EU-01235,2025-09-19,299048917.75638115
FUND-0000531,ACME-EU-02402,2025-07-06,327038365.7408616
FUND-0000532,ACME-EU-01973,2025-11-03,96962638.12078011
FUND-0000533,ACME-EU-01533,2025-11-23,148531616.26463014
FUND-0000534,ACME-EU-01903,2026-02-12,310188347.54551625
FUND-0000535,ACME-EU-02134,2026-02-13,300214156.66150075
FUND-0000536,ACME-EU-01502,2026-03-29,253658824.36777964
FUND-0000537,ACME-EU-01565,2025-10-13,175856211.7550885
FUND-0000538,ACME-EU-00220,2025-12-12,456552571.38257027
FUND-0000539,ACME-EU-00619,2026-03-11,170545350.90712306
FUND-0000540,ACME-EU-01248,2026-01-17,228353959.06218854
FUND-0000541,ACME-EU-00304,2025-12-11,339378801.6461502
FUND-0000542,ACME-EU-01739,2025-07-05,271967694.0025153
FUND-0000543,ACME-EU-02377,2025-08-02,174096102.2058284
FUND-0000544,ACME-EU-02009,2025-12-30,218386750.4377984
FUND-0000545,ACME-EU-02065,2025-12-17,397445928.10889953
FUND-0000546,ACME-EU-01296,2025-07-23,139786448.5878196
FUND-0000547,ACME-EU-02202,2026-03-22,71985364.6486309
FUND-0000548,ACME-EU-00880,2025-10-28,157268437.71305877
FUND-0000549,ACME-EU-02159,2025-10-07,424917573.52846277
FUND-0000550,ACME-EU-01006,2025-10-23,45405867.713316984
FUND-0000551,ACME-EU-01034,2025-08-27,495856340.61285347
FUND-0000552,ACME-EU-01506,2025-10-04,270960446.5649036
FUND-0000553,ACME-EU-01054,2025-10-06,492438026.2395799
FUND-0000554,ACME-EU-01870,2025-11-04,469559214.6209028
FUND-0000555,ACME-EU-01101,2025-10-20,226954043.39124745
FUND-0000556,ACME-EU-00193,2025-11-23,100047046.2280692
FUND-0000557,ACME-EU-00175,2026-01-07,83277503.50600408
FUND-0000558,ACME-EU-00766,2025-11-03,120754692.57110879
FUND-0000559,ACME-EU-01379,2025-08-03,355356187.6417041
FUND-0000560,ACME-EU-01567,2026-01-05,137202047.37101242
FUND-0000561,ACME-EU-01905,2025-12-07,171371209.53254485
FUND-0000562,ACME-EU-00701,2025-08-17,224940623.19331276
FUND-0000563,ACME-EU-00129,2025-07-30,456703107.5303067
FUND-0000564,ACME-EU-00341,2025-11-07,95507315.5245382
FUND-0000565,ACME-EU-02128,2026-02-17,3508249.752291754
FUND-0000566,ACME-EU-00648,2025-07-15,30988108.778706905
FUND-0000567,ACME-EU-01287,2025-06-18,452478404.4983789
FUND-0000568,ACME-EU-00308,2025-12-15,324110715.9568382
FUND-0000569,ACME-EU-00384,2025-09-09,137247269.04457557
FUND-0000570,ACME-EU-01273,2025-07-07,89419058.00458436
FUND-0000571,ACME-EU-02315,2025-09-01,147839101.58192006
FUND-0000572,ACME-EU-01264,2026-02-07,58283666.69838877
FUND-0000573,ACME-EU-00178,2025-12-02,470824922.2319361
FUND-0000574,ACME-EU-00427,2025-09-10,392318881.0082682
FUND-0000575,ACME-EU-00787,2026-02-19,231733197.27935782
FUND-0000576,ACME-EU-01747,2026-03-02,432616339.9524858
FUND-0000577,ACME-EU-01100,2025-07-14,125479643.94232291
FUND-0000578,ACME-EU-02390,2026-01-05,358843163.6676246
FUND-0000579,ACME-EU-00185,2025-10-26,428210117.007858
FUND-0000580,ACME-EU-01592,2025-12-03,179027587.10001305
FUND-0000581,ACME-EU-01990,2026-03-28,378974758.2799081
FUND-0000582,ACME-EU-02496,2025-12-27,148241102.28289038
FUND-0000583,ACME-EU-02286,2025-10-15,150129710.49425638
FUND-0000584,ACME-EU-01304,2025-07-15,54421532.098538846
FUND-0000585,ACME-EU-00962,2026-01-08,220588965.20818996
FUND-0000586,ACME-EU-01640,2025-07-05,365126241.3422137
FUND-0000587,ACME-EU-00490,2025-08-07,470170181.9800712
FUND-0000588,ACME-EU-00762,2025-08-29,302294698.97261894
FUND-0000589,ACME-EU-00810,2026-01-27,431704633.3301338
FUND-0000590,ACME-EU-02278,2026-02-09,411424829.9958233
FUND-0000591,ACME-EU-01430,2025-11-23,87498183.43466514
FUND-0000592,ACME-EU-01658,2025-08-19,243422897.02740312
FUND-0000593,ACME-EU-01526,2025-06-24,59344844.22717035
FUND-0000594,ACME-EU-02087,2025-06-19,341394427.61925584
FUND-0000595,ACME-EU-00119,2025-06-26,474999934.4547919
FUND-0000596,ACME-EU-01554,2025-12-13,69407639.5812995
FUND-0000597,ACME-EU-00282,2025-11-04,367207682.2704681
FUND-0000598,ACME-EU-02186,2025-12-21,316486837.28306264
FUND-0000599,ACME-EU-02465,2026-01-16,292218913.4670418
FUND-0000600,ACME-EU-01836,2025-11-28,195669997.10948128
FUND-0000601,ACME-EU-00650,2026-02-28,178210692.22915247
FUND-0000602,ACME-EU-00728,2025-09-23,23579345.32042504
FUND-0000603,ACME-EU-00367,2025-06-15,109736445.41775472
FUND-0000604,ACME-EU-01352,2025-09-16,8573264.261126623
FUND-0000605,ACME-EU-00556,2025-10-25,291127135.68542826
FUND-0000606,ACME-EU-01411,2025-10-09,53820764.70307651
FUND-0000607,ACME-EU-02281,2026-02-17,436636677.62082833
FUND-0000608,ACME-EU-01914,2026-01-26,262048367.32788545
FUND-0000609,ACME-EU-00204,2026-03-07,350145264.6202955
FUND-0000610,ACME-EU-02114,2026-01-14,206017688.82840773
FUND-0000611,ACME-EU-00121,2026-02-10,280729324.69152325
FUND-0000612,ACME-EU-00284,2025-10-21,471386929.3063486
FUND-0000613,ACME-EU-00576,2025-12-02,42284285.77221171
FUND-0000614,ACME-EU-01302,2025-12-20,127714948.18992437
FUND-0000615,ACME-EU-02414,2025-10-14,390214175.12836164
FUND-0000616,ACME-EU-00276,2025-06-13,50269866.23445026
FUND-0000617,ACME-EU-00966,2025-10-25,38754890.84815131
FUND-0000618,ACME-EU-01548,2026-03-23,181409157.97826526
FUND-0000619,ACME-EU-00361,2025-09-15,46991811.27774372
FUND-0000620,ACME-EU-01128,2026-02-02,292954142.66089535
FUND-0000621,ACME-EU-00768,2025-09-18,113911350.15748331
FUND-0000622,ACME-EU-02004,2026-02-11,447953283.63648677
FUND-0000623,ACME-EU-01727,2025-11-02,391966540.3417831
FUND-0000624,ACME-EU-01889,2025-06-28,350152897.8436386
FUND-0000625,ACME-EU-00287,2025-10-24,308855069.66486645
FUND-0000626,ACME-EU-02103,2025-09-09,431869399.4403902
FUND-0000627,ACME-EU-01095,2025-11-24,112307968.70983568
FUND-0000628,ACME-EU-00889,2026-01-25,436681312.53934956
FUND-0000629,ACME-EU-00424,2025-10-05,394956656.9136021
FUND-0000630,ACME-EU-01809,2025-12-04,374332252.36745507
FUND-0000631,ACME-EU-02348,2025-09-07,281066583.3593871
FUND-0000632,ACME-EU-01588,2026-02-27,123875836.32432945
FUND-0000633,ACME-EU-00841,2025-12-07,212350410.07995626
FUND-0000634,ACME-EU-00066,2026-01-22,396991756.614862
FUND-0000635,ACME-EU-01646,2026-01-14,16857463.6943049
FUND-0000636,ACME-EU-01711,2026-02-13,391243333.8626154
FUND-0000637,ACME-EU-01458,2025-07-13,120795299.50329567
FUND-0000638,ACME-EU-01560,2025-10-27,73010291.16007991
FUND-0000639,ACME-EU-00231,2025-10-26,58734957.77197078
FUND-0000640,ACME-EU-01576,2025-08-08,14597755.96345674
FUND-0000641,ACME-EU-01570,2026-02-07,262269656.125505
FUND-0000642,ACME-EU-01186,2025-07-11,109911676.47417101
FUND-0000643,ACME-EU-00890,2025-11-25,494726451.12403613
FUND-0000644,ACME-EU-01400,2025-07-28,287643941.1802307
FUND-0000645,ACME-EU-00730,2026-02-28,69804749.4086492
FUND-0000646,ACME-EU-00737,2025-11-28,344692507.8648713
FUND-0000647,ACME-EU-01074,2025-11-25,448974039.68835294
FUND-0000648,ACME-EU-00375,2026-02-21,372844568.18943757
FUND-0000649,ACME-EU-00760,2025-10-11,39143490.65868439
FUND-0000650,ACME-EU-02251,2025-11-26,448046206.4151371
FUND-0000651,ACME-EU-01668,2026-02-23,397170763.5441224
FUND-0000652,ACME-EU-00298,2026-01-02,79993646.15270156
FUND-0000653,ACME-EU-00599,2025-11-16,26841158.477675617
FUND-0000654,ACME-EU-01972,2025-09-15,279097977.0818399
FUND-0000655,ACME-EU-00100,2025-06-29,78861869.85864848
FUND-0000656,ACME-EU-01055,2025-09-10,417460885.34504074
FUND-0000657,ACME-EU-01780,2025-06-18,179808993.67916518
FUND-0000658,ACME-EU-01238,2026-01-12,456533329.92355114
FUND-0000659,ACME-EU-00530,2026-01-30,283278397.89836186
FUND-0000660,ACME-EU-01934,2025-11-24,92153519.7355944
FUND-0000661,ACME-EU-01613,2025-12-11,70659834.81254025
FUND-0000662,ACME-EU-01209,2025-08-18,288659746.3413192
FUND-0000663,ACME-EU-00637,2025-06-25,381179922.31935954
FUND-0000664,ACME-EU-02197,2026-01-21,390971318.22334886
FUND-0000665,ACME-EU-00186,2026-01-20,138602944.81619936
FUND-0000666,ACME-EU-01997,2025-10-16,102919132.69717157
FUND-0000667,ACME-EU-00945,2025-10-19,9361395.941698823
FUND-0000668,ACME-EU-01805,2026-02-16,339920376.4493835
FUND-0000669,ACME-EU-01657,2025-12-11,39207560.95833595
FUND-0000670,ACME-EU-01779,2026-02-07,210959839.68119696
FUND-0000671,ACME-EU-00512,2025-07-23,301239399.8451297
FUND-0000672,ACME-EU-00801,2026-03-09,468617363.5149188
FUND-0000673,ACME-EU-01135,2025-11-11,156589266.34092855
FUND-0000674,ACME-EU-01395,2025-12-28,125636309.06081337
FUND-0000675,ACME-EU-02406,2025-06-23,327425916.9887631
FUND-0000676,ACME-EU-00608,2025-11-25,310000276.99473727
FUND-0000677,ACME-EU-01208,2025-12-09,166722781.87075415
FUND-0000678,ACME-EU-00152,2025-11-11,464122815.91938347
FUND-0000679,ACME-EU-01558,2025-06-30,422586301.41732675
FUND-0000680,ACME-EU-00857,2025-12-21,112767290.38667549
FUND-0000681,ACME-EU-01136,2025-07-21,120332130.17182706
FUND-0000682,ACME-EU-00875,2025-12-16,256637873.09665322
FUND-0000683,ACME-EU-02276,2025-08-28,387012478.76362944
FUND-0000684,ACME-EU-00024,2025-07-24,22976149.31484373
FUND-0000685,ACME-EU-00159,2025-10-29,346974241.71361864
FUND-0000686,ACME-EU-00332,2025-07-23,324469712.79366636
FUND-0000687,ACME-EU-01111,2025-06-28,116508567.86058113
FUND-0000688,ACME-EU-02388,2025-10-16,340995153.607433
FUND-0000689,ACME-EU-01718,2026-03-22,470151412.43478924
FUND-0000690,ACME-EU-02366,2025-06-19,24346136.64091249
FUND-0000691,ACME-EU-02450,2026-03-25,160506375.5907392
FUND-0000692,ACME-EU-00643,2025-11-05,219650181.6165113
FUND-0000693,ACME-EU-01438,2025-12-19,449730919.1034201
FUND-0000694,ACME-EU-00312,2025-10-17,481168461.85796916
FUND-0000695,ACME-EU-00352,2025-11-03,222613508.0016698
FUND-0000696,ACME-EU-00549,2026-01-25,375264177.6589534
FUND-0000697,ACME-EU-01745,2025-12-29,266298850.858477
FUND-0000698,ACME-EU-01126,2025-12-03,269353684.4359469
FUND-0000699,ACME-EU-00307,2025-07-06,139771658.01811185
FUND-0000700,ACME-EU-00288,2025-10-08,109261166.68607588
FUND-0000701,ACME-EU-00695,2026-02-11,144714667.61609653
FUND-0000702,ACME-EU-00963,2025-11-10,278607675.6212826
FUND-0000703,ACME-EU-00631,2025-07-27,15548437.825022409
FUND-0000704,ACME-EU-01813,2025-11-01,453717223.2338465
FUND-0000705,ACME-EU-00950,2025-07-27,78985571.06533833
FUND-0000706,ACME-EU-01390,2026-03-25,110824249.75882189
FUND-0000707,ACME-EU-00987,2025-09-27,259619812.04737553
FUND-0000708,ACME-EU-00991,2026-03-10,355347268.4023024
FUND-0000709,ACME-EU-01591,2026-02-12,48768798.317454256
FUND-0000710,ACME-EU-00782,2026-03-18,159529654.07603392
FUND-0000711,ACME-EU-01377,2026-01-19,484368628.1816042
FUND-0000712,ACME-EU-00837,2026-03-13,131909140.42369191
FUND-0000713,ACME-EU-01436,2025-11-03,157212022.38651028
FUND-0000714,ACME-EU-02418,2025-10-27,418412746.8183987
FUND-0000715,ACME-EU-00014,2025-12-12,26057001.41353717
FUND-0000716,ACME-EU-01221,2025-08-06,232841971.23567647
FUND-0000717,ACME-EU-01408,2026-01-19,190428765.46138346
FUND-0000718,ACME-EU-00515,2025-09-28,158976793.1944169
FUND-0000719,ACME-EU-00410,2025-07-23,143564097.42833748
FUND-0000720,ACME-EU-00862,2025-08-14,46595678.32534419
FUND-0000721,ACME-EU-00314,2025-12-18,158098088.84647277
FUND-0000722,ACME-EU-01871,2026-01-14,22483148.955118615
FUND-0000723,ACME-EU-01303,2025-08-26,390700967.9585732
FUND-0000724,ACME-EU-01280,2025-09-08,199715669.18504784
FUND-0000725,ACME-EU-02500,2025-09-19,222508012.32763588
FUND-0000726,ACME-EU-02359,2025-07-24,446903698.63861567
FUND-0000727,ACME-EU-00383,2025-07-31,329369436.94674915
FUND-0000728,ACME-EU-01200,2025-10-02,5021492.567717775
FUND-0000729,ACME-EU-01624,2025-08-23,471644236.6576812
FUND-0000730,ACME-EU-01878,2026-01-07,119335088.5228779
FUND-0000731,ACME-EU-01510,2025-12-28,54699478.19516956
FUND-0000732,ACME-EU-01002,2025-10-06,384295961.0120602
FUND-0000733,ACME-EU-02241,2025-08-03,250738180.61749238
FUND-0000734,ACME-EU-00264,2025-07-13,217451512.44299075
FUND-0000735,ACME-EU-01291,2025-10-18,125502036.76168814
FUND-0000736,ACME-EU-02160,2026-02-10,274188273.441297
FUND-0000737,ACME-EU-01784,2025-12-04,137917917.99609113
FUND-0000738,ACME-EU-00416,2025-08-17,450889919.6382467
FUND-0000739,ACME-EU-01114,2025-11-03,108387035.3868632
FUND-0000740,ACME-EU-00359,2026-01-26,442293220.077421
FUND-0000741,ACME-EU-01174,2026-03-17,280143307.43795115
FUND-0000742,ACME-EU-00009,2025-09-22,414415578.8137253
FUND-0000743,ACME-EU-02021,2025-06-16,356710151.93461657
FUND-0000744,ACME-EU-00317,2025-09-03,348650860.6069375
FUND-0000745,ACME-EU-00305,2025-12-06,162848558.0398328
FUND-0000746,ACME-EU-00428,2026-03-08,117714568.80462953
FUND-0000747,ACME-EU-00106,2025-08-28,106232227.61271328
FUND-0000748,ACME-EU-02045,2025-10-10,428738636.8727347
FUND-0000749,ACME-EU-00122,2026-02-04,410392983.309251
FUND-0000750,ACME-EU-00822,2025-11-24,220846190.47814134
FUND-0000751,ACME-EU-01553,2025-06-26,67069902.134730846
FUND-0000752,ACME-EU-02291,2025-09-07,191743873.73675174
FUND-0000753,ACME-EU-01399,2025-09-17,310052383.6143188
FUND-0000754,ACME-EU-01776,2025-10-12,227747174.08549646
FUND-0000755,ACME-EU-02300,2025-10-29,390314444.9730145
FUND-0000756,ACME-EU-00116,2026-02-23,498813788.30344135
FUND-0000757,ACME-EU-01514,2025-09-27,96374912.13599953
FUND-0000758,ACME-EU-00745,2025-06-17,230365759.01012665
FUND-0000759,ACME-EU-01559,2026-02-01,216060967.0584902
FUND-0000760,ACME-EU-02334,2025-08-20,152941773.84172645
FUND-0000761,ACME-EU-00912,2025-10-18,99849662.8434245
FUND-0000762,ACME-EU-01489,2026-03-11,33780366.12833995
FUND-0000763,ACME-EU-00673,2025-07-09,443672539.2946255
FUND-0000764,ACME-EU-02307,2025-06-21,210504500.1454725
FUND-0000765,ACME-EU-02052,2025-12-07,248950863.73152438
FUND-0000766,ACME-EU-01641,2026-02-28,458554082.052257
FUND-0000767,ACME-EU-00310,2025-11-15,388368948.280458
FUND-0000768,ACME-EU-00592,2026-01-22,66120130.79447492
FUND-0000769,ACME-EU-00463,2026-01-24,283144563.8362634
FUND-0000770,ACME-EU-01988,2026-03-05,221683885.98326
FUND-0000771,ACME-EU-00942,2026-02-21,398808325.21680266
FUND-0000772,ACME-EU-01648,2026-03-29,362392041.25836265
FUND-0000773,ACME-EU-02367,2026-02-21,345512455.23362494
FUND-0000774,ACME-EU-00553,2025-11-09,170931872.90446854
FUND-0000775,ACME-EU-00088,2025-08-10,402676901.46922797
FUND-0000776,ACME-EU-00691,2025-11-14,27143256.50183575
FUND-0000777,ACME-EU-01692,2025-09-23,80652825.81465144
FUND-0000778,ACME-EU-02413,2025-11-22,168476013.21597794
FUND-0000779,ACME-EU-01616,2025-09-10,39326913.09357136
FUND-0000780,ACME-EU-01162,2025-11-23,118262144.48981111
FUND-0000781,ACME-EU-02421,2025-07-16,415245340.51596117
FUND-0000782,ACME-EU-01414,2025-10-17,474177517.35724956
FUND-0000783,ACME-EU-02220,2026-02-23,152996575.53132105
FUND-0000784,ACME-EU-00544,2025-09-17,132993386.19043027
FUND-0000785,ACME-EU-01761,2025-09-20,140666433.47096702
FUND-0000786,ACME-EU-02217,2025-12-16,139581824.58807108
FUND-0000787,ACME-EU-00495,2026-03-07,18929160.910800524
FUND-0000788,ACME-EU-00366,2025-07-08,463531256.8192229
FUND-0000789,ACME-EU-02259,2025-06-13,107635372.64359388
FUND-0000790,ACME-EU-01551,2025-07-13,210582032.96662107
FUND-0000791,ACME-EU-00274,2026-01-14,5833754.487742902
FUND-0000792,ACME-EU-00789,2026-01-17,429119590.3666135
FUND-0000793,ACME-EU-00072,2025-07-14,365847514.8830037
FUND-0000794,ACME-EU-01243,2025-09-23,473431261.5516779
FUND-0000795,ACME-EU-01812,2025-10-08,391026124.1190031
FUND-0000796,ACME-EU-00064,2025-06-13,157539549.51398054
FUND-0000797,ACME-EU-00395,2026-02-13,124688806.0054834
FUND-0000798,ACME-EU-01205,2026-01-28,349160437.4690932
FUND-0000799,ACME-EU-00344,2026-01-06,182692274.7302392
FUND-0000800,ACME-EU-01375,2025-11-27,283541292.86055565
FUND-0000801,ACME-EU-01381,2026-03-14,4122478.0422086446
FUND-0000802,ACME-EU-00501,2026-01-23,31880965.138557147
FUND-0000803,ACME-EU-01673,2025-11-05,268148602.64964396
FUND-0000804,ACME-EU-00678,2025-10-19,283469751.5776344
FUND-0000805,ACME-EU-01028,2025-08-08,375975019.28521246
FUND-0000806,ACME-EU-01887,2025-11-06,66850694.49235691
FUND-0000807,ACME-EU-02466,2025-09-23,257078358.7946326
FUND-0000808,ACME-EU-00273,2026-03-17,98029374.57141261
FUND-0000809,ACME-EU-02474,2025-09-27,47504863.66178465
FUND-0000810,ACME-EU-00206,2025-12-09,205837401.23621672
FUND-0000811,ACME-EU-00734,2025-06-13,82504987.39643957
FUND-0000812,ACME-EU-00153,2025-08-27,111669207.11796698
FUND-0000813,ACME-EU-02371,2025-11-30,159459735.35488138
FUND-0000814,ACME-EU-00558,2026-02-03,130434811.97085492
FUND-0000815,ACME-EU-00378,2026-03-03,44708057.40556725
FUND-0000816,ACME-EU-00536,2025-12-02,45868206.18499144
FUND-0000817,ACME-EU-00974,2025-08-21,97431458.20184991
FUND-0000818,ACME-EU-01001,2025-08-11,26229034.79180994
FUND-0000819,ACME-EU-01873,2026-02-05,313602052.8187866
FUND-0000820,ACME-EU-00199,2025-08-09,144376031.53794208
FUND-0000821,ACME-EU-00562,2025-10-23,140593237.91676643
FUND-0000822,ACME-EU-00686,2025-07-04,166667148.8246448
FUND-0000823,ACME-EU-01214,2026-03-09,331735340.8306511
FUND-0000824,ACME-EU-00591,2026-02-05,435446306.8602618
FUND-0000825,ACME-EU-00520,2025-06-28,379784379.34526354
FUND-0000826,ACME-EU-00309,2025-06-22,364037085.8823224
FUND-0000827,ACME-EU-00605,2025-08-28,242711201.6148238
FUND-0000828,ACME-EU-02155,2026-02-27,347208972.92673844
FUND-0000829,ACME-EU-02260,2025-09-28,276828421.648758
FUND-0000830,ACME-EU-00060,2026-03-07,108909013.56507792
FUND-0000831,ACME-EU-00584,2026-02-26,105085595.50278431
FUND-0000832,ACME-EU-00860,2026-01-15,148899611.43076643
FUND-0000833,ACME-EU-00208,2026-03-20,455490532.8139368
FUND-0000834,ACME-EU-02018,2026-02-04,274160005.3494832
FUND-0000835,ACME-EU-00870,2026-02-06,367218783.12393284
FUND-0000836,ACME-EU-00786,2025-11-02,173932821.14845726
FUND-0000837,ACME-EU-00907,2025-10-21,204450169.5619474
FUND-0000838,ACME-EU-02428,2026-03-16,63657223.73998844
FUND-0000839,ACME-EU-00793,2025-10-03,86476183.95301351
FUND-0000840,ACME-EU-00832,2026-02-05,413850920.8582466
FUND-0000841,ACME-EU-00163,2026-03-08,292834477.21275216
FUND-0000842,ACME-EU-01308,2026-02-28,169428700.47602564
FUND-0000843,ACME-EU-00527,2025-09-20,401622753.2887774
FUND-0000844,ACME-EU-01577,2025-07-13,124013432.9133535
FUND-0000845,ACME-EU-00257,2025-09-06,488040316.6015017
FUND-0000846,ACME-EU-00507,2026-01-30,173063986.26533872
FUND-0000847,ACME-EU-01957,2025-07-09,169318166.12146255
FUND-0000848,ACME-EU-02121,2026-03-18,156644040.86281592
FUND-0000849,ACME-EU-02229,2025-12-01,61933646.446219675
FUND-0000850,ACME-EU-02165,2025-06-13,56457436.518674195
FUND-0000851,ACME-EU-00863,2025-07-25,324404412.23252755
FUND-0000852,ACME-EU-01676,2025-11-23,437683904.2344654
FUND-0000853,ACME-EU-00021,2026-01-14,395469734.62556505
FUND-0000854,ACME-EU-01405,2025-09-07,71412689.4166542
FUND-0000855,ACME-EU-00440,2026-02-09,273245478.77424115
FUND-0000856,ACME-EU-01088,2026-01-10,53690181.44234336
FUND-0000857,ACME-EU-00382,2025-08-01,23602027.162925646
FUND-0000858,ACME-EU-02109,2025-10-27,328536543.8329989
FUND-0000859,ACME-EU-01262,2025-06-29,268041014.50649482
FUND-0000860,ACME-EU-00539,2025-12-24,41929818.92052396
FUND-0000861,ACME-EU-00882,2025-08-28,18434683.956588235
FUND-0000862,ACME-EU-00903,2025-09-02,494888450.291258
FUND-0000863,ACME-EU-00084,2026-01-01,15980644.742386866
FUND-0000864,ACME-EU-02104,2025-07-09,222819598.27202967
FUND-0000865,ACME-EU-01201,2025-10-24,252804893.2792401
FUND-0000866,ACME-EU-01310,2025-10-25,59522793.75242208
FUND-0000867,ACME-EU-01227,2025-11-11,85361827.44141841
FUND-0000868,ACME-EU-02131,2025-11-29,176550698.1987659
FUND-0000869,ACME-EU-01750,2026-01-24,381076262.23061764
FUND-0000870,ACME-EU-00271,2025-12-13,254034129.60607308
FUND-0000871,ACME-EU-01272,2025-11-03,319313035.4019278
FUND-0000872,ACME-EU-01260,2025-11-13,492602102.9902467
FUND-0000873,ACME-EU-02061,2025-10-19,384234712.2212916
FUND-0000874,ACME-EU-02264,2025-12-20,217746387.57246765
FUND-0000875,ACME-EU-01600,2025-11-09,223774518.97647783
FUND-0000876,ACME-EU-01961,2026-01-06,309767266.4434615
FUND-0000877,ACME-EU-01030,2025-10-04,333017239.00103325
FUND-0000878,ACME-EU-00430,2025-09-13,250854751.992499
FUND-0000879,ACME-EU-02005,2025-12-08,322785750.184675
FUND-0000880,ACME-EU-02194,2026-02-02,12742714.712635286
FUND-0000881,ACME-EU-02205,2025-10-02,215381809.08452523
FUND-0000882,ACME-EU-00459,2025-09-25,140190099.9606649
FUND-0000883,ACME-EU-00079,2025-08-24,65458048.17631209
FUND-0000884,ACME-EU-02430,2025-08-25,50673709.89157879
FUND-0000885,ACME-EU-02133,2025-11-30,301992890.6417191
FUND-0000886,ACME-EU-00033,2025-10-06,262276673.02915326
FUND-0000887,ACME-EU-02125,2026-03-07,127538474.38118821
FUND-0000888,ACME-EU-01350,2025-08-29,236004079.32748473
FUND-0000889,ACME-EU-02244,2025-08-07,246623925.27602175
FUND-0000890,ACME-EU-00381,2026-03-17,98309481.2388693
FUND-0000891,ACME-EU-00227,2025-12-19,326394437.8789437
FUND-0000892,ACME-EU-01995,2026-03-06,390678758.83665913
FUND-0000893,ACME-EU-01193,2026-03-19,395940306.90387
FUND-0000894,ACME-EU-00716,2025-06-30,301632445.52102405
FUND-0000895,ACME-EU-01763,2025-06-22,256307652.676988
FUND-0000896,ACME-EU-00687,2025-12-26,31442564.359692052
FUND-0000897,ACME-EU-02132,2025-09-10,144627818.1269513
FUND-0000898,ACME-EU-02485,2026-03-09,47542451.94230678
FUND-0000899,ACME-EU-00306,2025-08-31,481947757.27835834
FUND-0000900,ACME-EU-00210,2025-11-10,68404992.96665458
FUND-0000901,ACME-EU-02154,2025-12-19,76735929.51569992
FUND-0000902,ACME-EU-01671,2026-03-02,444898732.5469156
FUND-0000903,ACME-EU-02478,2026-02-17,472020213.45475245
FUND-0000904,ACME-EU-01072,2025-11-04,383148690.57822
FUND-0000905,ACME-EU-01935,2025-07-17,3697056.9126622654
FUND-0000906,ACME-EU-01138,2025-08-15,1671789.2073252862
FUND-0000907,ACME-EU-02008,2025-08-06,189672284.12393793
FUND-0000908,ACME-EU-00938,2026-03-17,72554289.63543537
FUND-0000909,ACME-EU-00192,2025-09-01,10174684.933647046
FUND-0000910,ACME-EU-01212,2025-08-13,232569278.01284784
FUND-0000911,ACME-EU-01076,2025-12-20,471587886.8060788
FUND-0000912,ACME-EU-02457,2026-02-27,162585967.87631327
FUND-0000913,ACME-EU-00484,2026-03-14,330909198.53591955
FUND-0000914,ACME-EU-02384,2025-11-13,326465441.2130879
FUND-0000915,ACME-EU-01605,2025-10-15,126288971.7289187
FUND-0000916,ACME-EU-00278,2025-12-20,325562199.1631083
FUND-0000917,ACME-EU-01509,2025-12-11,106954653.16915874
FUND-0000918,ACME-EU-00222,2025-10-08,61881699.37486763
FUND-0000919,ACME-EU-01230,2025-08-05,350990259.49428535
FUND-0000920,ACME-EU-00572,2025-10-19,57606967.73485445
FUND-0000921,ACME-EU-00412,2025-08-26,498457700.0760883
FUND-0000922,ACME-EU-01314,2025-07-09,92542748.17396443
FUND-0000923,ACME-EU-01678,2025-07-10,297476789.5154723
FUND-0000924,ACME-EU-02179,2025-06-29,206275911.1348821
FUND-0000925,ACME-EU-00586,2026-03-27,64066824.78042789
FUND-0000926,ACME-EU-01731,2026-03-02,14894109.881129285
FUND-0000927,ACME-EU-02020,2025-11-01,311743408.8641238
FUND-0000928,ACME-EU-02494,2026-03-02,403572024.33077395
FUND-0000929,ACME-EU-01564,2026-01-24,421165815.09186524
FUND-0000930,ACME-EU-00675,2026-03-09,241874023.0653903
FUND-0000931,ACME-EU-01178,2025-07-21,388950278.1240104
FUND-0000932,ACME-EU-00856,2025-08-07,336750719.6107838
FUND-0000933,ACME-EU-00448,2025-08-15,362403009.2220675
FUND-0000934,ACME-EU-01906,2026-03-17,246806903.60568523
FUND-0000935,ACME-EU-01531,2026-02-09,317072458.3808214
FUND-0000936,ACME-EU-00223,2025-12-02,402957430.8744524
FUND-0000937,ACME-EU-01725,2026-02-04,199544203.6029545
FUND-0000938,ACME-EU-02226,2025-11-12,403183471.5329243
FUND-0000939,ACME-EU-01629,2026-02-05,296416404.5517424
FUND-0000940,ACME-EU-01557,2026-02-14,83784611.16102234
FUND-0000941,ACME-EU-00970,2026-02-05,13317394.455067722
FUND-0000942,ACME-EU-00046,2026-01-15,182014046.59917688
FUND-0000943,ACME-EU-02190,2026-02-12,273801467.8198736
FUND-0000944,ACME-EU-02365,2026-03-17,420070355.7495407
FUND-0000945,ACME-EU-00295,2025-10-16,64615354.38998285
FUND-0000946,ACME-EU-01160,2025-12-18,400302967.494106
FUND-0000947,ACME-EU-00589,2025-06-23,431641513.98754627
FUND-0000948,ACME-EU-02054,2025-07-15,76193056.01341607
FUND-0000949,ACME-EU-00258,2025-11-12,425945565.3328053
FUND-0000950,ACME-EU-02064,2025-10-18,495735330.35355324
FUND-0000951,ACME-EU-02467,2025-12-09,363692576.69307053
FUND-0000952,ACME-EU-00927,2025-12-18,392600071.230669
FUND-0000953,ACME-EU-02119,2026-03-13,497213218.51187783
FUND-0000954,ACME-EU-02298,2025-07-05,303135144.01244676
FUND-0000955,ACME-EU-00437,2025-09-29,154635304.62610847
FUND-0000956,ACME-EU-00977,2026-03-06,418927886.2039518
FUND-0000957,ACME-EU-02037,2026-03-01,307628402.97830397
FUND-0000958,ACME-EU-00394,2025-10-10,291016516.4367573
FUND-0000959,ACME-EU-00426,2025-08-14,127564142.2015051
FUND-0000960,ACME-EU-00535,2025-09-23,378410800.5218604
FUND-0000961,ACME-EU-00031,2025-08-12,41751970.65418803
FUND-0000962,ACME-EU-01643,2025-12-01,462219248.32653594
FUND-0000963,ACME-EU-02082,2025-10-25,163585906.92447188
FUND-0000964,ACME-EU-01147,2025-07-01,64759551.74220523
FUND-0000965,ACME-EU-00747,2025-10-06,221740900.018107
FUND-0000966,ACME-EU-01751,2025-12-16,22192484.719010044
FUND-0000967,ACME-EU-01985,2025-12-28,342628470.9382182
FUND-0000968,ACME-EU-01269,2025-09-25,451450049.7122327
FUND-0000969,ACME-EU-02343,2025-06-20,418794240.56211585
FUND-0000970,ACME-EU-01719,2025-09-30,64557367.250492655
FUND-0000971,ACME-EU-02213,2025-10-11,64009297.416758195
FUND-0000972,ACME-EU-01413,2025-09-24,406903806.6798078
FUND-0000973,ACME-EU-01712,2025-10-06,462202883.0269548
FUND-0000974,ACME-EU-02013,2025-08-20,230874245.08691108
FUND-0000975,ACME-EU-00345,2025-08-09,249986587.33996922
FUND-0000976,ACME-EU-00557,2025-10-19,159812758.65147722
FUND-0000977,ACME-EU-01424,2025-11-16,447238294.0099506
FUND-0000978,ACME-EU-01038,2025-08-18,322806549.7408856
FUND-0000979,ACME-EU-00681,2025-10-28,144837537.00651687
FUND-0000980,ACME-EU-02230,2026-02-25,150092652.65607154
FUND-0000981,ACME-EU-01107,2026-02-03,445708836.4587376
FUND-0000982,ACME-EU-00571,2026-03-23,7803377.929004913
FUND-0000983,ACME-EU-00353,2025-07-29,162040559.79059255
FUND-0000984,ACME-EU-00092,2025-11-24,277623983.92696816
FUND-0000985,ACME-EU-01211,2026-03-18,74960513.587563
FUND-0000986,ACME-EU-02107,2026-03-14,46957278.34559531
FUND-0000987,ACME-EU-01271,2025-09-03,407822889.2141894
FUND-0000988,ACME-EU-02277,2026-02-15,447307789.9356051
FUND-0000989,ACME-EU-00262,2025-11-15,411979603.9782965
FUND-0000990,ACME-EU-01463,2025-08-14,449495156.9789365
FUND-0000991,ACME-EU-00749,2025-12-09,277002873.5581274
FUND-0000992,ACME-EU-01412,2025-10-21,406316802.3741806
FUND-0000993,ACME-EU-01766,2025-07-09,192637276.5571591
FUND-0000994,ACME-EU-02438,2025-08-17,333467662.8780402
FUND-0000995,ACME-EU-01384,2025-08-25,494428930.16319305
FUND-0000996,ACME-EU-01005,2026-02-13,113638134.19572459
FUND-0000997,ACME-EU-00568,2025-08-28,195559973.39924923
FUND-0000998,ACME-EU-00323,2026-01-30,240543641.27773273
FUND-0000999,ACME-EU-01894,2025-11-18,69869728.02300581
FUND-0001000,ACME-EU-02084,2025-12-16,41438266.62206333
FUND-0001001,ACME-EU-00349,2025-09-16,415031710.2944906
FUND-0001002,ACME-EU-01090,2025-10-24,488420392.0409655
FUND-0001003,ACME-EU-01851,2025-12-22,202957806.85099968
FUND-0001004,ACME-EU-00301,2025-08-16,44737268.26113199
FUND-0001005,ACME-EU-01659,2025-09-06,33840068.58459766
FUND-0001006,ACME-EU-01317,2026-01-10,445767784.97378904
FUND-0001007,ACME-EU-02015,2025-11-26,232443310.6141123
FUND-0001008,ACME-EU-01011,2025-08-24,160693630.96463355
FUND-0001009,ACME-EU-00965,2026-03-26,238754174.34846035
FUND-0001010,ACME-EU-02370,2025-12-30,159833743.25148132
FUND-0001011,ACME-EU-02356,2025-12-16,245028851.87850237
FUND-0001012,ACME-EU-01129,2025-12-01,429918642.06205046
FUND-0001013,ACME-EU-00316,2025-11-17,296558384.1599857
FUND-0001014,ACME-EU-02070,2025-12-24,347632232.6322775
FUND-0001015,ACME-EU-00454,2025-11-07,182970667.44093394
FUND-0001016,ACME-EU-00914,2025-06-15,369514433.37674886
FUND-0001017,ACME-EU-00602,2026-03-02,333641925.3548068
FUND-0001018,ACME-EU-00176,2025-06-25,60661436.87827617
FUND-0001019,ACME-EU-00901,2025-08-09,286748783.70467675
FUND-0001020,ACME-EU-02273,2026-03-13,129115004.65856925
FUND-0001021,ACME-EU-01299,2026-01-30,402243739.1471628
FUND-0001022,ACME-EU-00038,2025-12-30,213542916.52500278
FUND-0001023,ACME-EU-00975,2025-09-12,497347398.4330471
FUND-0001024,ACME-EU-00124,2026-03-04,47157718.53154293
FUND-0001025,ACME-EU-01742,2026-03-05,390393583.5073391
FUND-0001026,ACME-EU-02419,2025-07-06,337177165.0375361
FUND-0001027,ACME-EU-00040,2025-09-30,383981916.46476203
FUND-0001028,ACME-EU-02417,2026-01-21,154457367.9497377
FUND-0001029,ACME-EU-02010,2026-02-09,246535190.2018179
FUND-0001030,ACME-EU-01772,2025-10-06,398457751.3421305
FUND-0001031,ACME-EU-01966,2026-02-06,117038124.47880664
FUND-0001032,ACME-EU-01499,2025-12-18,113790565.19753739
FUND-0001033,ACME-EU-00635,2025-08-26,275974425.69417125
FUND-0001034,ACME-EU-01967,2025-09-23,262258226.18539804
FUND-0001035,ACME-EU-00580,2026-02-01,141848972.7360535
FUND-0001036,ACME-EU-01536,2026-02-11,149739749.61188656
FUND-0001037,ACME-EU-00893,2025-10-22,139644736.44007617
FUND-0001038,ACME-EU-00781,2025-10-07,385984518.9372453
FUND-0001039,ACME-EU-00160,2025-07-31,326298531.91566783
FUND-0001040,ACME-EU-01653,2025-06-21,416376174.5217161
FUND-0001041,ACME-EU-01152,2025-08-01,487761041.1286969
FUND-0001042,ACME-EU-00062,2026-03-25,237607983.83972123
FUND-0001043,ACME-EU-00850,2026-01-05,34280246.82131898
FUND-0001044,ACME-EU-01545,2025-07-25,24998062.89560568
FUND-0001045,ACME-EU-02411,2026-02-04,148536854.59653795
FUND-0001046,ACME-EU-01044,2025-10-20,466339750.086873
FUND-0001047,ACME-EU-02204,2025-08-16,262083314.43046656
FUND-0001048,ACME-EU-02167,2026-03-15,136621471.52398446
FUND-0001049,ACME-EU-00054,2025-08-18,200184230.46099874
FUND-0001050,ACME-EU-01547,2026-01-28,299698958.5949307
FUND-0001051,ACME-EU-00506,2025-11-28,326821879.4107833
FUND-0001052,ACME-EU-00753,2025-06-26,77805835.38166961
FUND-0001053,ACME-EU-01380,2026-02-12,488538806.5960428
FUND-0001054,ACME-EU-01422,2026-01-27,272841341.2644116
FUND-0001055,ACME-EU-01392,2026-01-03,68708470.57834737
FUND-0001056,ACME-EU-02375,2025-09-01,446923991.4197207
FUND-0001057,ACME-EU-02284,2026-01-11,38244577.10863497
FUND-0001058,ACME-EU-00772,2025-09-09,453959981.15557885
FUND-0001059,ACME-EU-02339,2025-08-19,498286262.4882022
FUND-0001060,ACME-EU-02235,2025-08-20,350515467.7790954
FUND-0001061,ACME-EU-01194,2026-03-27,385453163.3159209
FUND-0001062,ACME-EU-01190,2026-03-24,169314115.39727572
FUND-0001063,ACME-EU-01899,2025-12-27,470846849.51423293
FUND-0001064,ACME-EU-01819,2026-03-22,265327269.08807546
FUND-0001065,ACME-EU-01866,2025-08-07,366461834.8521799
FUND-0001066,ACME-EU-01191,2025-12-12,462129750.23972845
FUND-0001067,ACME-EU-00964,2025-10-20,487614808.01177865
FUND-0001068,ACME-EU-01667,2025-09-02,416768973.9417405
FUND-0001069,ACME-EU-00399,2025-08-02,152205735.98403296
FUND-0001070,ACME-EU-00585,2026-02-08,483307210.7594891
FUND-0001071,ACME-EU-00949,2026-03-19,314431646.0905423
FUND-0001072,ACME-EU-00705,2025-10-25,465390595.69962794
FUND-0001073,ACME-EU-00432,2026-01-19,338376407.88136154
FUND-0001074,ACME-EU-00293,2025-10-12,154312241.96201253
FUND-0001075,ACME-EU-01852,2025-07-01,185642237.54726517
FUND-0001076,ACME-EU-01445,2026-01-21,275685416.7743673
FUND-0001077,ACME-EU-01602,2025-07-21,395217405.93838114
FUND-0001078,ACME-EU-00003,2026-02-10,159673293.11882713
FUND-0001079,ACME-EU-00577,2025-09-27,290285851.9009618
FUND-0001080,ACME-EU-01791,2025-09-24,173466871.79462436
FUND-0001081,ACME-EU-00340,2025-12-30,408068932.91291845
FUND-0001082,ACME-EU-01106,2025-11-11,233897318.79020727
FUND-0001083,ACME-EU-00926,2025-12-31,39284690.59958973
FUND-0001084,ACME-EU-00266,2025-06-29,83860208.21928665
FUND-0001085,ACME-EU-00377,2026-03-11,31491229.142196514
FUND-0001086,ACME-EU-00272,2025-10-27,250152170.0611483
FUND-0001087,ACME-EU-00697,2025-07-13,54062311.376765355
FUND-0001088,ACME-EU-01619,2025-12-12,57955844.68550642
FUND-0001089,ACME-EU-00245,2025-06-18,470583081.75915015
FUND-0001090,ACME-EU-01652,2026-01-30,436454881.0158517
FUND-0001091,ACME-EU-00477,2025-11-25,226591211.80887163
FUND-0001092,ACME-EU-01179,2025-06-30,492916855.1042527
FUND-0001093,ACME-EU-01196,2025-12-13,1093077.557160894
FUND-0001094,ACME-EU-01286,2025-07-28,307375748.6804235
FUND-0001095,ACME-EU-01166,2025-07-26,308597660.50856316
FUND-0001096,ACME-EU-02253,2026-03-22,229264084.87907422
FUND-0001097,ACME-EU-00251,2025-11-09,199077038.49421212
FUND-0001098,ACME-EU-00414,2026-03-22,228236184.6048232
FUND-0001099,ACME-EU-02412,2025-12-26,208065257.60376057
FUND-0001100,ACME-EU-02081,2026-02-19,365515746.2636674
FUND-0001101,ACME-EU-00311,2026-01-08,68542362.05166875
FUND-0001102,ACME-EU-00894,2025-09-24,99621971.07497394
FUND-0001103,ACME-EU-02423,2026-01-05,91078595.96781938
FUND-0001104,ACME-EU-00016,2026-01-01,131972821.975511
FUND-0001105,ACME-EU-00722,2025-07-31,263103950.97201008
FUND-0001106,ACME-EU-02191,2025-12-27,56493164.92177115
FUND-0001107,ACME-EU-00982,2026-01-03,434216478.3679255
FUND-0001108,ACME-EU-02105,2026-02-14,149383404.1229277
FUND-0001109,ACME-EU-01974,2025-11-13,82106455.74688521
FUND-0001110,ACME-EU-00364,2026-01-15,338135033.4895234
FUND-0001111,ACME-EU-01620,2026-02-22,20005063.99906032
FUND-0001112,ACME-EU-00183,2025-12-19,310364313.87220794
FUND-0001113,ACME-EU-00986,2025-10-25,349401016.9075734
FUND-0001114,ACME-EU-01388,2025-07-18,108243349.16197287
FUND-0001115,ACME-EU-02120,2025-10-10,21940072.64837351
FUND-0001116,ACME-EU-02076,2025-08-26,182459034.10080534
FUND-0001117,ACME-EU-00188,2025-10-11,50198520.8907263
FUND-0001118,ACME-EU-00620,2025-07-21,59122446.9869952
FUND-0001119,ACME-EU-01122,2026-02-03,127876354.49098742
FUND-0001120,ACME-EU-00615,2025-12-29,148438494.3887529
FUND-0001121,ACME-EU-02196,2025-06-25,265455200.16968888
FUND-0001122,ACME-EU-00995,2025-12-19,339517550.8660035
FUND-0001123,ACME-EU-02034,2025-10-26,296792699.4942222
FUND-0001124,ACME-EU-00372,2025-11-09,75031808.30746889
FUND-0001125,ACME-EU-01339,2025-10-08,86870930.19386059
FUND-0001126,ACME-EU-00594,2026-03-20,439505855.6466643
FUND-0001127,ACME-EU-00727,2025-08-14,279617805.21699274
FUND-0001128,ACME-EU-01843,2025-07-08,435098978.6159468
FUND-0001129,ACME-EU-00688,2025-07-25,186401709.1486173
FUND-0001130,ACME-EU-01661,2025-07-26,307585603.7082306
FUND-0001131,ACME-EU-00137,2025-10-26,262308044.61125076
FUND-0001132,ACME-EU-00629,2026-02-24,160242621.4204108
FUND-0001133,ACME-EU-00335,2025-11-21,235487770.64476407
FUND-0001134,ACME-EU-01481,2025-10-21,251742947.5366391
FUND-0001135,ACME-EU-02237,2025-12-31,101184716.40358262
FUND-0001136,ACME-EU-01110,2025-12-27,158190175.81598905
FUND-0001137,ACME-EU-01361,2025-08-01,395913465.5029808
FUND-0001138,ACME-EU-01787,2025-12-03,457978331.48760945
FUND-0001139,ACME-EU-00711,2025-12-26,180537252.67910442
FUND-0001140,ACME-EU-01040,2025-10-18,154179168.82230008
FUND-0001141,ACME-EU-01309,2025-12-21,98403385.12136938
FUND-0001142,ACME-EU-01775,2025-12-07,339567093.15664005
FUND-0001143,ACME-EU-02299,2025-12-29,162226751.1315023
FUND-0001144,ACME-EU-01113,2025-09-05,493887020.01049507
FUND-0001145,ACME-EU-00466,2026-03-13,163516716.22991267
FUND-0001146,ACME-EU-01360,2025-06-29,197673887.34453145
FUND-0001147,ACME-EU-02472,2025-10-08,302063763.90980536
FUND-0001148,ACME-EU-02146,2025-12-04,401040462.30246115
FUND-0001149,ACME-EU-01105,2025-09-30,235289814.0074712
FUND-0001150,ACME-EU-01387,2025-12-29,211905360.8606902
FUND-0001151,ACME-EU-02000,2026-01-07,497823278.9638093
FUND-0001152,ACME-EU-01452,2025-12-06,6236326.928832277
FUND-0001153,ACME-EU-02092,2025-07-16,447637579.1367717
FUND-0001154,ACME-EU-01860,2026-01-31,75421272.14392897
FUND-0001155,ACME-EU-01171,2025-10-27,393176712.8282478
FUND-0001156,ACME-EU-02099,2025-12-04,309347848.3633027
FUND-0001157,ACME-EU-00817,2025-07-07,171581795.46354795
FUND-0001158,ACME-EU-01068,2025-09-08,437063602.80498815
FUND-0001159,ACME-EU-00275,2026-02-17,7440706.762514995
FUND-0001160,ACME-EU-01702,2025-12-15,114118635.38538691
FUND-0001161,ACME-EU-00866,2025-09-18,283879505.3285185
FUND-0001162,ACME-EU-00102,2025-06-25,176419587.7647993
FUND-0001163,ACME-EU-01614,2025-08-05,305578370.1638455
FUND-0001164,ACME-EU-00108,2025-08-21,13030986.510924745
FUND-0001165,ACME-EU-02489,2026-01-21,59113006.31037455
FUND-0001166,ACME-EU-01484,2025-09-14,64421023.86900118
FUND-0001167,ACME-EU-01362,2025-07-17,95452539.31208871
FUND-0001168,ACME-EU-01223,2025-11-11,230206388.95947084
FUND-0001169,ACME-EU-01369,2025-11-01,376312221.072242
FUND-0001170,ACME-EU-02173,2025-12-21,452863880.12652165
FUND-0001171,ACME-EU-02373,2026-01-13,417850892.6118388
FUND-0001172,ACME-EU-01500,2025-06-21,99247048.0160661
FUND-0001173,ACME-EU-00713,2025-12-11,221134125.56308556
FUND-0001174,ACME-EU-00073,2025-09-23,100506387.28150897
FUND-0001175,ACME-EU-01801,2025-09-12,132971436.5169282
FUND-0001176,ACME-EU-02404,2025-10-27,252269943.7744312
FUND-0001177,ACME-EU-00482,2026-02-18,34986403.33703775
FUND-0001178,ACME-EU-01666,2025-11-17,109868990.46704333
FUND-0001179,ACME-EU-01420,2025-11-18,467753702.4922515
FUND-0001180,ACME-EU-01172,2025-06-24,233592030.036586
FUND-0001181,ACME-EU-02023,2026-01-05,223247876.46295822
FUND-0001182,ACME-EU-01442,2025-07-31,8269010.22088817
FUND-0001183,ACME-EU-00406,2025-12-04,124452473.78211454
FUND-0001184,ACME-EU-00758,2025-12-11,433279925.5551085
FUND-0001185,ACME-EU-01363,2025-08-21,83149585.7010757
FUND-0001186,ACME-EU-01621,2026-02-17,208147344.8278258
FUND-0001187,ACME-EU-01612,2025-11-03,8151122.027633625
FUND-0001188,ACME-EU-02221,2025-12-08,239689405.35360736
FUND-0001189,ACME-EU-00744,2025-12-17,11489532.25638236
FUND-0001190,ACME-EU-00807,2026-02-12,409985166.97983414
FUND-0001191,ACME-EU-02309,2025-07-02,412602029.9760647
FUND-0001192,ACME-EU-01318,2025-09-16,394083351.9628826
FUND-0001193,ACME-EU-01897,2025-06-23,142398670.37666798
FUND-0001194,ACME-EU-01507,2025-06-20,418781371.8926872
FUND-0001195,ACME-EU-00149,2026-02-18,271956068.1700294
FUND-0001196,ACME-EU-02112,2025-09-22,187530246.32463422
FUND-0001197,ACME-EU-01437,2025-10-17,313039649.89241225
FUND-0001198,ACME-EU-00693,2026-03-06,7158181.984126629
FUND-0001199,ACME-EU-00819,2026-03-06,72337477.92277533
FUND-0001200,ACME-EU-01757,2026-03-26,371404475.5469611
FUND-0001201,ACME-EU-01654,2025-06-13,122836642.74936035
FUND-0001202,ACME-EU-01715,2025-09-30,299406549.54704607
FUND-0001203,ACME-EU-00702,2025-07-25,193166198.8086918
FUND-0001204,ACME-EU-02212,2025-12-04,427548083.6208315
FUND-0001205,ACME-EU-00922,2025-06-24,476255237.6923252
FUND-0001206,ACME-EU-00906,2026-01-20,441898799.456725
FUND-0001207,ACME-EU-00455,2025-07-19,136039377.35210472
FUND-0001208,ACME-EU-02394,2025-09-30,97887271.65399505
FUND-0001209,ACME-EU-01794,2025-10-12,237743011.91674677
FUND-0001210,ACME-EU-01229,2025-07-24,4659741.267253958
FUND-0001211,ACME-EU-00168,2025-09-23,13878887.038727686
FUND-0001212,ACME-EU-00731,2026-02-04,277092029.171877
FUND-0001213,ACME-EU-01579,2025-11-12,260704252.6784777
FUND-0001214,ACME-EU-00027,2025-10-13,497296412.52859473
FUND-0001215,ACME-EU-01345,2025-12-17,101719075.8465153
FUND-0001216,ACME-EU-01524,2026-01-04,129793860.65107374
FUND-0001217,ACME-EU-00998,2025-08-30,57656780.52081706
FUND-0001218,ACME-EU-01177,2026-03-27,458853961.8172186
FUND-0001219,ACME-EU-01041,2025-10-02,389127810.9847669
FUND-0001220,ACME-EU-01622,2026-02-20,411347216.6169669
FUND-0001221,ACME-EU-01256,2025-08-03,451479130.19428986
FUND-0001222,ACME-EU-01888,2025-10-12,262925093.37619328
FUND-0001223,ACME-EU-00042,2026-02-28,226145402.5339111
FUND-0001224,ACME-EU-01245,2025-09-21,165865345.35914263
FUND-0001225,ACME-EU-01627,2026-03-05,295018092.5595799
FUND-0001226,ACME-EU-02195,2025-12-08,227684919.99812144
FUND-0001227,ACME-EU-01376,2025-09-05,226331227.716182
FUND-0001228,ACME-EU-01923,2025-09-26,468527004.0018383
FUND-0001229,ACME-EU-00610,2026-02-11,492031725.6252859
FUND-0001230,ACME-EU-01133,2025-08-14,398445710.2754608
FUND-0001231,ACME-EU-02003,2026-02-19,378622287.03321725
FUND-0001232,ACME-EU-00442,2026-03-14,340598522.72777164
FUND-0001233,ACME-EU-01353,2026-03-08,83871351.31442334
FUND-0001234,ACME-EU-01943,2025-08-29,30493804.616951607
FUND-0001235,ACME-EU-00494,2025-11-01,345672431.24151826
FUND-0001236,ACME-EU-01976,2025-08-01,364664324.9060314
FUND-0001237,ACME-EU-00237,2025-07-01,24439522.557971757
FUND-0001238,ACME-EU-00552,2026-01-30,464097823.3641952
FUND-0001239,ACME-EU-00521,2025-06-16,46479179.082894094
FUND-0001240,ACME-EU-02297,2025-09-09,143664366.35183
FUND-0001241,ACME-EU-01233,2026-02-26,336522516.5865535
FUND-0001242,ACME-EU-01139,2025-10-19,85766424.60783368
FUND-0001243,ACME-EU-00721,2025-07-18,28652528.332679972
FUND-0001244,ACME-EU-01908,2025-07-19,166242098.09291074
FUND-0001245,ACME-EU-02209,2026-03-21,383219815.8527344
FUND-0001246,ACME-EU-00059,2025-11-11,207425660.81364492
FUND-0001247,ACME-EU-00632,2026-03-20,326833488.0320617
FUND-0001248,ACME-EU-01182,2025-08-28,290229929.51684016
FUND-0001249,ACME-EU-01645,2025-06-30,12087022.530764624
FUND-0001250,ACME-EU-00593,2026-02-10,494281453.5358076
FUND-0001251,ACME-EU-02177,2025-12-09,21672616.32087449
FUND-0001252,ACME-EU-00940,2025-10-28,483933566.08659405
FUND-0001253,ACME-EU-02326,2025-11-27,275382225.00383466
FUND-0001254,ACME-EU-01250,2025-12-18,481616354.5054682
FUND-0001255,ACME-EU-00905,2025-08-01,58262046.10750389
FUND-0001256,ACME-EU-01947,2025-09-20,245713851.0735711
FUND-0001257,ACME-EU-02399,2025-08-25,85582541.84116326
FUND-0001258,ACME-EU-02014,2026-02-07,26436463.634198762
FUND-0001259,ACME-EU-01423,2026-01-08,309147028.41609347
FUND-0001260,ACME-EU-01996,2026-01-01,104683927.05988403
FUND-0001261,ACME-EU-01912,2025-09-17,294260812.1254854
FUND-0001262,ACME-EU-00707,2025-12-16,57069876.49254383
FUND-0001263,ACME-EU-01023,2025-07-02,166661249.24491867
FUND-0001264,ACME-EU-00746,2025-12-24,391034646.46857035
FUND-0001265,ACME-EU-01830,2025-09-13,219088709.39925164
FUND-0001266,ACME-EU-01713,2026-03-29,314244962.03377086
FUND-0001267,ACME-EU-00514,2025-10-14,324081512.43202746
FUND-0001268,ACME-EU-00082,2025-11-24,422033766.9496595
FUND-0001269,ACME-EU-02216,2026-01-08,163136474.408914
FUND-0001270,ACME-EU-00915,2025-07-22,343960485.72867626
FUND-0001271,ACME-EU-02302,2025-10-12,480846287.7160367
FUND-0001272,ACME-EU-01818,2026-01-16,365391423.8445761
FUND-0001273,ACME-EU-00151,2025-11-09,245445367.88215452
FUND-0001274,ACME-EU-00775,2026-01-19,315728004.80147266
FUND-0001275,ACME-EU-00330,2025-07-11,370101765.98379093
FUND-0001276,ACME-EU-00007,2025-07-28,306525607.0812423
FUND-0001277,ACME-EU-00944,2026-03-27,9321230.931429736
FUND-0001278,ACME-EU-01595,2026-01-26,98191975.3459257
FUND-0001279,ACME-EU-00735,2026-02-09,405423640.39051753
FUND-0001280,ACME-EU-00910,2026-01-13,137052673.00892985
FUND-0001281,ACME-EU-00469,2025-10-06,366049497.66100585
FUND-0001282,ACME-EU-00182,2025-12-11,186687987.40560764
FUND-0001283,ACME-EU-00165,2025-09-28,261420279.75081363
FUND-0001284,ACME-EU-00452,2025-09-19,34918676.609882444
FUND-0001285,ACME-EU-00491,2026-01-24,91431554.96380506
FUND-0001286,ACME-EU-01917,2025-07-02,478641284.79609805
FUND-0001287,ACME-EU-01144,2025-12-20,445178888.6700101
FUND-0001288,ACME-EU-01698,2026-02-26,326485280.3386261
FUND-0001289,ACME-EU-01112,2025-11-22,230362654.09548295
FUND-0001290,ACME-EU-02381,2026-02-15,338204885.1547167
FUND-0001291,ACME-EU-01476,2026-01-11,309686534.25787556
FUND-0001292,ACME-EU-01488,2025-06-14,284707575.54670143
FUND-0001293,ACME-EU-01714,2025-07-03,30529358.859907366
FUND-0001294,ACME-EU-01821,2025-10-19,316768502.72009194
FUND-0001295,ACME-EU-02080,2025-09-22,384691102.241013
FUND-0001296,ACME-EU-01850,2025-07-26,497046745.6681422
FUND-0001297,ACME-EU-01733,2025-08-26,6528197.744560529
FUND-0001298,ACME-EU-01793,2025-10-13,365356553.2020276
FUND-0001299,ACME-EU-00328,2025-09-18,286322868.65205425
FUND-0001300,ACME-EU-00443,2025-06-20,217592035.8643974
FUND-0001301,ACME-EU-01593,2026-03-17,64657517.11111407
FUND-0001302,ACME-EU-01382,2025-08-02,205133489.16880324
FUND-0001303,ACME-EU-00833,2025-11-03,177834214.3100815
FUND-0001304,ACME-EU-02468,2025-09-07,152112114.60039234
FUND-0001305,ACME-EU-01892,2026-01-09,365708932.03778166
FUND-0001306,ACME-EU-01311,2026-02-15,350662035.12084764
FUND-0001307,ACME-EU-00087,2025-12-31,294921025.39947486
FUND-0001308,ACME-EU-02441,2025-11-02,469393741.83339274
FUND-0001309,ACME-EU-00778,2025-12-25,175577337.70624638
FUND-0001310,ACME-EU-02427,2025-10-30,122657166.9173796
FUND-0001311,ACME-EU-00055,2026-03-28,328295753.2361014
FUND-0001312,ACME-EU-01876,2026-03-08,100208216.40776408
FUND-0001313,ACME-EU-01288,2026-03-23,158190243.08452886
FUND-0001314,ACME-EU-01732,2025-09-05,113076617.59736754
FUND-0001315,ACME-EU-01802,2025-12-06,35507630.291532114
FUND-0001316,ACME-EU-01246,2025-07-01,413921872.076201
FUND-0001317,ACME-EU-00114,2026-01-06,128015730.91790892
FUND-0001318,ACME-EU-02342,2025-10-02,237040724.16816732
FUND-0001319,ACME-EU-00988,2025-09-01,22614321.353901662
FUND-0001320,ACME-EU-02262,2025-11-26,349970393.6600689
FUND-0001321,ACME-EU-02074,2025-12-07,165949940.15083912
FUND-0001322,ACME-EU-01010,2026-03-18,372623627.18677574
FUND-0001323,ACME-EU-01199,2025-11-24,206789127.1734652
FUND-0001324,ACME-EU-00590,2026-02-05,98682047.59640668
FUND-0001325,ACME-EU-00769,2025-06-20,257074366.0587359
FUND-0001326,ACME-EU-00018,2025-11-10,66121775.25908245
FUND-0001327,ACME-EU-01043,2025-12-23,220829040.77662438
FUND-0001328,ACME-EU-02041,2026-03-25,159335433.23282278
FUND-0001329,ACME-EU-00286,2026-02-01,456067832.51561695
FUND-0001330,ACME-EU-00429,2026-01-20,31403432.138639253
FUND-0001331,ACME-EU-01922,2025-12-02,347314689.6387653
FUND-0001332,ACME-EU-01357,2026-01-30,92192831.82773052
FUND-0001333,ACME-EU-00670,2026-02-25,160203492.09178767
FUND-0001334,ACME-EU-00032,2026-02-08,208341517.4679709
FUND-0001335,ACME-EU-00723,2026-03-11,454099529.5981121
FUND-0001336,ACME-EU-00952,2025-08-28,122046554.77083875
FUND-0001337,ACME-EU-01765,2025-09-14,46563092.46979044
FUND-0001338,ACME-EU-00215,2026-02-11,160026112.39127126
FUND-0001339,ACME-EU-01790,2025-10-14,53233309.29723114
FUND-0001340,ACME-EU-01165,2025-06-14,65169646.4943157
FUND-0001341,ACME-EU-00327,2025-11-09,287351448.3895383
FUND-0001342,ACME-EU-00561,2026-01-05,31390064.61664717
FUND-0001343,ACME-EU-01087,2025-09-29,16434509.81538945
FUND-0001344,ACME-EU-01831,2026-01-10,357492636.6337784
FUND-0001345,ACME-EU-00342,2025-08-27,181461900.3256812
FUND-0001346,ACME-EU-00148,2026-03-16,63562299.267702766
FUND-0001347,ACME-EU-01841,2025-08-27,127552772.6589944
FUND-0001348,ACME-EU-01108,2025-11-22,321401167.16884714
FUND-0001349,ACME-EU-00849,2025-07-25,138492747.00328472
FUND-0001350,ACME-EU-00967,2026-03-01,247766041.43508354
FUND-0001351,ACME-EU-01073,2025-06-23,61725958.05660947
FUND-0001352,ACME-EU-00156,2025-09-09,294458725.16511804
FUND-0001353,ACME-EU-02142,2026-02-01,158722764.23778877
FUND-0001354,ACME-EU-02111,2025-08-24,313857248.8298296
FUND-0001355,ACME-EU-01003,2026-01-27,404389046.26970744
FUND-0001356,ACME-EU-01845,2025-10-24,306211563.2756062
FUND-0001357,ACME-EU-02093,2025-09-09,148578033.73491532
FUND-0001358,ACME-EU-01849,2026-03-13,128616107.0726019
FUND-0001359,ACME-EU-02210,2026-03-24,164383058.40799055
FUND-0001360,ACME-EU-02353,2026-01-31,83145636.10501592
FUND-0001361,ACME-EU-01204,2025-10-12,91404753.57416002
FUND-0001362,ACME-EU-01633,2026-01-07,395554859.84818375
FUND-0001363,ACME-EU-02346,2025-08-23,192981555.67721504
FUND-0001364,ACME-EU-01394,2025-10-04,218561595.10472232
FUND-0001365,ACME-EU-02352,2025-09-07,297430683.3178388
FUND-0001366,ACME-EU-02289,2026-01-18,295237094.08062226
FUND-0001367,ACME-EU-01981,2025-07-07,34621058.88944094
FUND-0001368,ACME-EU-02243,2025-12-22,415938852.3824951
FUND-0001369,ACME-EU-00939,2025-09-03,89485950.05874577
FUND-0001370,ACME-EU-02245,2026-03-28,361812746.38878477
FUND-0001371,ACME-EU-00347,2025-11-26,386562823.07595515
FUND-0001372,ACME-EU-02085,2025-06-23,357734867.5115655
FUND-0001373,ACME-EU-02475,2026-01-15,289909845.63051844
FUND-0001374,ACME-EU-01419,2025-10-15,8289889.557332547
FUND-0001375,ACME-EU-00386,2026-03-08,180827370.68922216
FUND-0001376,ACME-EU-01581,2025-10-27,302814875.25192803
FUND-0001377,ACME-EU-02098,2025-08-23,194338196.6653468
FUND-0001378,ACME-EU-00244,2025-10-24,431876467.5614937
FUND-0001379,ACME-EU-01623,2025-08-12,155092335.39945805
FUND-0001380,ACME-EU-00937,2026-03-10,147473861.43687156
FUND-0001381,ACME-EU-02222,2026-02-17,133732848.85323633
FUND-0001382,ACME-EU-00313,2025-11-02,167057653.61143696
FUND-0001383,ACME-EU-02440,2025-12-12,279145077.1927794
FUND-0001384,ACME-EU-01525,2026-01-05,353800631.84202284
FUND-0001385,ACME-EU-01333,2025-06-13,331621390.9516538
FUND-0001386,ACME-EU-00969,2025-11-16,404051192.1707583
FUND-0001387,ACME-EU-00661,2025-09-04,443071083.753215
FUND-0001388,ACME-EU-00936,2025-06-20,408223442.1293323
FUND-0001389,ACME-EU-00371,2025-07-07,10453756.283802932
FUND-0001390,ACME-EU-00567,2026-01-16,368223058.8224424
FUND-0001391,ACME-EU-01958,2026-02-10,104991387.23554747
FUND-0001392,ACME-EU-00825,2025-08-09,67331093.31128334
FUND-0001393,ACME-EU-00983,2025-12-20,319605903.6147686
FUND-0001394,ACME-EU-01980,2026-01-30,160551854.50843975
FUND-0001395,ACME-EU-01478,2025-07-15,29501464.521851186
FUND-0001396,ACME-EU-02149,2026-01-24,69677237.46478231
FUND-0001397,ACME-EU-00814,2026-01-06,1463779.018110571
FUND-0001398,ACME-EU-00779,2025-10-27,451708590.04500896
FUND-0001399,ACME-EU-01321,2025-07-07,13284373.936778056
FUND-0001400,ACME-EU-01522,2026-01-10,105518428.98524602
FUND-0001401,ACME-EU-01053,2025-10-31,208715127.56326577
FUND-0001402,ACME-EU-01814,2026-02-10,178929091.64945874
FUND-0001403,ACME-EU-01014,2025-07-25,455951212.5794751
FUND-0001404,ACME-EU-01402,2025-06-25,21104183.921536516
FUND-0001405,ACME-EU-01710,2025-12-22,256595139.13084874
FUND-0001406,ACME-EU-02072,2026-03-05,340559251.7996626
FUND-0001407,ACME-EU-01754,2025-06-19,465917288.86690325
FUND-0001408,ACME-EU-00127,2026-01-21,310565254.8097368
FUND-0001409,ACME-EU-00888,2026-03-23,402073862.76986957
FUND-0001410,ACME-EU-02030,2025-11-13,42778743.98482885
FUND-0001411,ACME-EU-01348,2025-10-17,193583815.95752674
FUND-0001412,ACME-EU-01008,2026-01-06,187599620.10505468
FUND-0001413,ACME-EU-00356,2025-11-12,443257820.0114031
FUND-0001414,ACME-EU-01004,2026-01-16,76534214.46037419
FUND-0001415,ACME-EU-00683,2025-08-05,76791199.9959785
FUND-0001416,ACME-EU-00828,2026-02-12,164950516.79301342
FUND-0001417,ACME-EU-01492,2025-12-14,28178557.636051953
FUND-0001418,ACME-EU-00985,2025-06-15,92046562.28559254
FUND-0001419,ACME-EU-01234,2025-07-11,482639609.63432187
FUND-0001420,ACME-EU-02122,2025-10-05,214663785.99371925
FUND-0001421,ACME-EU-00141,2025-10-15,316377585.00279576
FUND-0001422,ACME-EU-00218,2025-11-05,363329518.4129738
FUND-0001423,ACME-EU-02049,2025-06-20,184113742.09659305
FUND-0001424,ACME-EU-01655,2026-02-04,74466310.13084796
FUND-0001425,ACME-EU-02219,2025-10-03,104083927.09466863
FUND-0001426,ACME-EU-01701,2025-07-29,157319971.81372458
FUND-0001427,ACME-EU-01454,2025-11-23,318398141.7557606
FUND-0001428,ACME-EU-00023,2025-07-02,199741993.99543816
FUND-0001429,ACME-EU-00712,2025-11-18,4400534.252163932
FUND-0001430,ACME-EU-01158,2025-12-27,262180185.34866846
FUND-0001431,ACME-EU-01685,2026-01-16,460835182.5618015
FUND-0001432,ACME-EU-00872,2025-07-25,406226727.8933308
FUND-0001433,ACME-EU-01462,2025-06-30,412780474.2585559
FUND-0001434,ACME-EU-00011,2026-02-15,397733950.78545946
FUND-0001435,ACME-EU-01741,2026-02-17,162541681.9796014
FUND-0001436,ACME-EU-02357,2025-10-11,382831723.0434416
FUND-0001437,ACME-EU-02324,2025-08-30,72437517.5477853
FUND-0001438,ACME-EU-01316,2025-10-13,329200357.4907008
FUND-0001439,ACME-EU-00755,2026-02-19,321142714.7758122
FUND-0001440,ACME-EU-00627,2025-07-28,13759329.7457776
FUND-0001441,ACME-EU-01729,2025-10-30,394197096.6618749
FUND-0001442,ACME-EU-01469,2025-12-09,451720804.44247013
FUND-0001443,ACME-EU-00130,2026-02-11,134440223.95758173
FUND-0001444,ACME-EU-00844,2026-01-26,406382971.3688893
FUND-0001445,ACME-EU-00324,2025-08-17,42120579.95911215
FUND-0001446,ACME-EU-02157,2026-01-20,300383961.27227193
FUND-0001447,ACME-EU-01449,2025-06-13,243337785.8018043
FUND-0001448,ACME-EU-01285,2025-09-08,273415843.121191
FUND-0001449,ACME-EU-02422,2026-01-28,463176395.7402882
FUND-0001450,ACME-EU-00015,2025-10-20,435786308.3761799
FUND-0001451,ACME-EU-02047,2026-03-14,392756744.96263874
FUND-0001452,ACME-EU-00216,2025-12-26,137575530.38150713
FUND-0001453,ACME-EU-01625,2025-11-12,455997495.71435976
FUND-0001454,ACME-EU-01938,2026-02-20,49656338.53947375
FUND-0001455,ACME-EU-01183,2025-11-23,426811279.0628351
FUND-0001456,ACME-EU-01651,2025-06-28,164751876.1044503
FUND-0001457,ACME-EU-01562,2025-10-17,27832383.519329704
FUND-0001458,ACME-EU-00865,2026-01-12,335009135.1361334
FUND-0001459,ACME-EU-00517,2025-10-07,116408684.22966178
FUND-0001460,ACME-EU-00598,2025-12-29,122541991.80645134
FUND-0001461,ACME-EU-00196,2025-08-04,153717535.94815698
FUND-0001462,ACME-EU-01278,2025-07-09,32778698.983755846
FUND-0001463,ACME-EU-00289,2025-10-02,89386444.95492877
FUND-0001464,ACME-EU-00951,2025-09-02,3564674.165194591
FUND-0001465,ACME-EU-02351,2026-01-16,223259351.0317876
FUND-0001466,ACME-EU-01855,2025-12-13,43043433.331567675
FUND-0001467,ACME-EU-02382,2025-06-19,341643649.9170553
FUND-0001468,ACME-EU-01121,2025-09-29,118575802.74463254
FUND-0001469,ACME-EU-01573,2026-02-21,471843497.8735534
FUND-0001470,ACME-EU-00550,2025-11-13,435754562.07192767
FUND-0001471,ACME-EU-00157,2026-02-02,145431006.58913592
FUND-0001472,ACME-EU-00420,2025-09-24,391824511.8736827
FUND-0001473,ACME-EU-00923,2025-07-15,401819207.4277383
FUND-0001474,ACME-EU-01642,2026-01-31,493294993.9430908
FUND-0001475,ACME-EU-00478,2025-11-27,299322153.4359968
FUND-0001476,ACME-EU-01606,2025-09-23,41900901.58718743
FUND-0001477,ACME-EU-02270,2025-08-12,323771777.2342641
FUND-0001478,ACME-EU-01472,2025-10-13,312864894.4396416
FUND-0001479,ACME-EU-00554,2025-12-06,319536938.13279545
FUND-0001480,ACME-EU-01203,2025-07-21,154265678.40400156
FUND-0001481,ACME-EU-00391,2025-12-13,429980112.9550861
FUND-0001482,ACME-EU-00579,2026-02-21,479776619.2947506
FUND-0001483,ACME-EU-02314,2025-12-28,109638543.97609761
FUND-0001484,ACME-EU-02368,2026-03-12,44987926.91018558
FUND-0001485,ACME-EU-02267,2026-01-26,98072981.55107355
FUND-0001486,ACME-EU-00821,2025-10-31,410455517.48860365
FUND-0001487,ACME-EU-02486,2025-11-11,338645672.7751039
FUND-0001488,ACME-EU-01007,2025-09-25,318387623.8272242
FUND-0001489,ACME-EU-01249,2025-09-26,201494774.4196028
FUND-0001490,ACME-EU-02059,2025-09-06,289336157.78420645
FUND-0001491,ACME-EU-00665,2025-07-13,154629188.51190934
FUND-0001492,ACME-EU-02463,2025-08-28,239122839.62956268
FUND-0001493,ACME-EU-00143,2025-07-17,396738451.15695727
FUND-0001494,ACME-EU-02175,2025-11-15,490639557.1302756
FUND-0001495,ACME-EU-01826,2026-01-28,466311972.8713111
FUND-0001496,ACME-EU-00422,2026-01-01,466999105.48027813
FUND-0001497,ACME-EU-00800,2025-09-04,201709643.68870908
FUND-0001498,ACME-EU-00616,2025-11-21,234926150.37288868
FUND-0001499,ACME-EU-01319,2026-03-27,353112062.78812176
FUND-0001500,ACME-EU-00296,2025-07-31,461173772.09759086
